solid OpenSCAD_Model
  facet normal 0.999507 0.0314011 0
    outer loop
      vertex 69.5 0 -3
      vertex 69.3629 4.36394 -5
      vertex 69.3629 4.36394 -3
    endloop
  endfacet
  facet normal 0.999507 0.0314011 0
    outer loop
      vertex 69.3629 4.36394 -5
      vertex 69.5 0 -3
      vertex 69.5 0 -5
    endloop
  endfacet
  facet normal -0.999507 0.0314011 0
    outer loop
      vertex -69.5 0 -5
      vertex -69.3629 4.36394 -3
      vertex -69.3629 4.36394 -5
    endloop
  endfacet
  facet normal -0.999507 0.0314011 0
    outer loop
      vertex -69.3629 4.36394 -3
      vertex -69.5 0 -5
      vertex -69.5 0 -3
    endloop
  endfacet
  facet normal 0.0314011 0.999507 -0
    outer loop
      vertex 4.36394 69.3629 -5
      vertex 0 69.5 -3
      vertex 4.36394 69.3629 -3
    endloop
  endfacet
  facet normal 0.0314011 0.999507 0
    outer loop
      vertex 0 69.5 -3
      vertex 4.36394 69.3629 -5
      vertex 0 69.5 -5
    endloop
  endfacet
  facet normal 0.707107 0.707107 0
    outer loop
      vertex 50.6633 47.576 -3
      vertex 47.576 50.6633 -5
      vertex 47.576 50.6633 -3
    endloop
  endfacet
  facet normal 0.707107 0.707107 0
    outer loop
      vertex 47.576 50.6633 -5
      vertex 50.6633 47.576 -3
      vertex 50.6633 47.576 -5
    endloop
  endfacet
  facet normal -0.661325 0.7501 0
    outer loop
      vertex -44.301 53.5507 -5
      vertex -47.576 50.6633 -3
      vertex -44.301 53.5507 -3
    endloop
  endfacet
  facet normal -0.661325 0.7501 0
    outer loop
      vertex -47.576 50.6633 -3
      vertex -44.301 53.5507 -5
      vertex -47.576 50.6633 -5
    endloop
  endfacet
  facet normal -0.338724 0.940886 0
    outer loop
      vertex -21.4767 66.0984 -5
      vertex -25.5847 64.6195 -3
      vertex -21.4767 66.0984 -3
    endloop
  endfacet
  facet normal -0.338724 0.940886 0
    outer loop
      vertex -25.5847 64.6195 -3
      vertex -21.4767 66.0984 -5
      vertex -25.5847 64.6195 -5
    endloop
  endfacet
  facet normal 0.917753 0.397151 0
    outer loop
      vertex 64.6195 25.5847 -3
      vertex 62.8855 29.5917 -5
      vertex 62.8855 29.5917 -3
    endloop
  endfacet
  facet normal 0.917753 0.397151 0
    outer loop
      vertex 62.8855 29.5917 -5
      vertex 64.6195 25.5847 -3
      vertex 64.6195 25.5847 -5
    endloop
  endfacet
  facet normal 0.397151 0.917753 -0
    outer loop
      vertex 29.5917 62.8855 -5
      vertex 25.5847 64.6195 -3
      vertex 29.5917 62.8855 -3
    endloop
  endfacet
  facet normal 0.397151 0.917753 0
    outer loop
      vertex 25.5847 64.6195 -3
      vertex 29.5917 62.8855 -5
      vertex 25.5847 64.6195 -5
    endloop
  endfacet
  facet normal -0.827081 0.562083 0
    outer loop
      vertex -58.6808 37.24 -5
      vertex -56.2267 40.8511 -3
      vertex -56.2267 40.8511 -5
    endloop
  endfacet
  facet normal -0.827081 0.562083 0
    outer loop
      vertex -56.2267 40.8511 -3
      vertex -58.6808 37.24 -5
      vertex -58.6808 37.24 -3
    endloop
  endfacet
  facet normal -0.790157 0.612905 0
    outer loop
      vertex -56.2267 40.8511 -5
      vertex -53.5507 44.301 -3
      vertex -53.5507 44.301 -5
    endloop
  endfacet
  facet normal -0.790157 0.612905 0
    outer loop
      vertex -53.5507 44.301 -3
      vertex -56.2267 40.8511 -5
      vertex -56.2267 40.8511 -3
    endloop
  endfacet
  facet normal -0.156433 0.987689 0
    outer loop
      vertex -8.71066 68.952 -5
      vertex -13.023 68.269 -3
      vertex -8.71066 68.952 -3
    endloop
  endfacet
  facet normal -0.156433 0.987689 0
    outer loop
      vertex -13.023 68.269 -3
      vertex -8.71066 68.952 -5
      vertex -13.023 68.269 -5
    endloop
  endfacet
  facet normal 0.891002 -0.453999 0
    outer loop
      vertex 60.9033 -33.4819 -3
      vertex 62.8855 -29.5917 -5
      vertex 62.8855 -29.5917 -3
    endloop
  endfacet
  facet normal 0.891002 -0.453999 0
    outer loop
      vertex 62.8855 -29.5917 -5
      vertex 60.9033 -33.4819 -3
      vertex 60.9033 -33.4819 -5
    endloop
  endfacet
  facet normal 0.21816 -0.975913 0
    outer loop
      vertex 13.023 -68.269 -5
      vertex 17.2839 -67.3165 -3
      vertex 13.023 -68.269 -3
    endloop
  endfacet
  facet normal 0.21816 -0.975913 0
    outer loop
      vertex 17.2839 -67.3165 -3
      vertex 13.023 -68.269 -5
      vertex 17.2839 -67.3165 -5
    endloop
  endfacet
  facet normal 0.661325 -0.7501 0
    outer loop
      vertex 44.301 -53.5507 -5
      vertex 47.576 -50.6633 -3
      vertex 44.301 -53.5507 -3
    endloop
  endfacet
  facet normal 0.661325 -0.7501 0
    outer loop
      vertex 47.576 -50.6633 -3
      vertex 44.301 -53.5507 -5
      vertex 47.576 -50.6633 -5
    endloop
  endfacet
  facet normal 0.975913 -0.21816 0
    outer loop
      vertex 67.3165 -17.2839 -3
      vertex 68.269 -13.023 -5
      vertex 68.269 -13.023 -3
    endloop
  endfacet
  facet normal 0.975913 -0.21816 0
    outer loop
      vertex 68.269 -13.023 -5
      vertex 67.3165 -17.2839 -3
      vertex 67.3165 -17.2839 -5
    endloop
  endfacet
  facet normal -0.397151 -0.917753 0
    outer loop
      vertex -29.5917 -62.8855 -5
      vertex -25.5847 -64.6195 -3
      vertex -29.5917 -62.8855 -3
    endloop
  endfacet
  facet normal -0.397151 -0.917753 -0
    outer loop
      vertex -25.5847 -64.6195 -3
      vertex -29.5917 -62.8855 -5
      vertex -25.5847 -64.6195 -5
    endloop
  endfacet
  facet normal -0.7501 -0.661325 0
    outer loop
      vertex -50.6633 -47.576 -5
      vertex -53.5507 -44.301 -3
      vertex -53.5507 -44.301 -5
    endloop
  endfacet
  facet normal -0.7501 -0.661325 0
    outer loop
      vertex -53.5507 -44.301 -3
      vertex -50.6633 -47.576 -5
      vertex -50.6633 -47.576 -3
    endloop
  endfacet
  facet normal -0.827081 -0.562083 0
    outer loop
      vertex -56.2267 -40.8511 -5
      vertex -58.6808 -37.24 -3
      vertex -58.6808 -37.24 -5
    endloop
  endfacet
  facet normal -0.827081 -0.562083 0
    outer loop
      vertex -58.6808 -37.24 -3
      vertex -56.2267 -40.8511 -5
      vertex -56.2267 -40.8511 -3
    endloop
  endfacet
  facet normal 0.975913 0.21816 0
    outer loop
      vertex 68.269 13.023 -3
      vertex 67.3165 17.2839 -5
      vertex 67.3165 17.2839 -3
    endloop
  endfacet
  facet normal 0.975913 0.21816 0
    outer loop
      vertex 67.3165 17.2839 -5
      vertex 68.269 13.023 -3
      vertex 68.269 13.023 -5
    endloop
  endfacet
  facet normal 0.960295 0.278987 0
    outer loop
      vertex 67.3165 17.2839 -3
      vertex 66.0984 21.4767 -5
      vertex 66.0984 21.4767 -3
    endloop
  endfacet
  facet normal 0.960295 0.278987 0
    outer loop
      vertex 66.0984 21.4767 -5
      vertex 67.3165 17.2839 -3
      vertex 67.3165 17.2839 -5
    endloop
  endfacet
  facet normal 0.891002 0.453999 0
    outer loop
      vertex 62.8855 29.5917 -3
      vertex 60.9033 33.4819 -5
      vertex 60.9033 33.4819 -3
    endloop
  endfacet
  facet normal 0.891002 0.453999 0
    outer loop
      vertex 60.9033 33.4819 -5
      vertex 62.8855 29.5917 -3
      vertex 62.8855 29.5917 -5
    endloop
  endfacet
  facet normal 0.21816 0.975913 -0
    outer loop
      vertex 17.2839 67.3165 -5
      vertex 13.023 68.269 -3
      vertex 17.2839 67.3165 -3
    endloop
  endfacet
  facet normal 0.21816 0.975913 0
    outer loop
      vertex 13.023 68.269 -3
      vertex 17.2839 67.3165 -5
      vertex 13.023 68.269 -5
    endloop
  endfacet
  facet normal 0.338724 0.940886 -0
    outer loop
      vertex 25.5847 64.6195 -5
      vertex 21.4767 66.0984 -3
      vertex 25.5847 64.6195 -3
    endloop
  endfacet
  facet normal 0.338724 0.940886 0
    outer loop
      vertex 21.4767 66.0984 -3
      vertex 25.5847 64.6195 -5
      vertex 21.4767 66.0984 -5
    endloop
  endfacet
  facet normal 0.156433 0.987689 -0
    outer loop
      vertex 13.023 68.269 -5
      vertex 8.71066 68.952 -3
      vertex 13.023 68.269 -3
    endloop
  endfacet
  facet normal 0.156433 0.987689 0
    outer loop
      vertex 8.71066 68.952 -3
      vertex 13.023 68.269 -5
      vertex 8.71066 68.952 -5
    endloop
  endfacet
  facet normal 0.562083 0.827081 -0
    outer loop
      vertex 40.8511 56.2267 -5
      vertex 37.24 58.6808 -3
      vertex 40.8511 56.2267 -3
    endloop
  endfacet
  facet normal 0.562083 0.827081 0
    outer loop
      vertex 37.24 58.6808 -3
      vertex 40.8511 56.2267 -5
      vertex 37.24 58.6808 -5
    endloop
  endfacet
  facet normal 0.453999 0.891002 -0
    outer loop
      vertex 33.4819 60.9033 -5
      vertex 29.5917 62.8855 -3
      vertex 33.4819 60.9033 -3
    endloop
  endfacet
  facet normal 0.453999 0.891002 0
    outer loop
      vertex 29.5917 62.8855 -3
      vertex 33.4819 60.9033 -5
      vertex 29.5917 62.8855 -5
    endloop
  endfacet
  facet normal -0.891002 0.453999 0
    outer loop
      vertex -62.8855 29.5917 -5
      vertex -60.9033 33.4819 -3
      vertex -60.9033 33.4819 -5
    endloop
  endfacet
  facet normal -0.891002 0.453999 0
    outer loop
      vertex -60.9033 33.4819 -3
      vertex -62.8855 29.5917 -5
      vertex -62.8855 29.5917 -3
    endloop
  endfacet
  facet normal -0.975913 0.21816 0
    outer loop
      vertex -68.269 13.023 -5
      vertex -67.3165 17.2839 -3
      vertex -67.3165 17.2839 -5
    endloop
  endfacet
  facet normal -0.975913 0.21816 0
    outer loop
      vertex -67.3165 17.2839 -3
      vertex -68.269 13.023 -5
      vertex -68.269 13.023 -3
    endloop
  endfacet
  facet normal -0.987689 0.156433 0
    outer loop
      vertex -68.952 8.71066 -5
      vertex -68.269 13.023 -3
      vertex -68.269 13.023 -5
    endloop
  endfacet
  facet normal -0.987689 0.156433 0
    outer loop
      vertex -68.269 13.023 -3
      vertex -68.952 8.71066 -5
      vertex -68.952 8.71066 -3
    endloop
  endfacet
  facet normal -0.509036 0.860745 0
    outer loop
      vertex -33.4819 60.9033 -5
      vertex -37.24 58.6808 -3
      vertex -33.4819 60.9033 -3
    endloop
  endfacet
  facet normal -0.509036 0.860745 0
    outer loop
      vertex -37.24 58.6808 -3
      vertex -33.4819 60.9033 -5
      vertex -37.24 58.6808 -5
    endloop
  endfacet
  facet normal -0.397151 0.917753 0
    outer loop
      vertex -25.5847 64.6195 -5
      vertex -29.5917 62.8855 -3
      vertex -25.5847 64.6195 -3
    endloop
  endfacet
  facet normal -0.397151 0.917753 0
    outer loop
      vertex -29.5917 62.8855 -3
      vertex -25.5847 64.6195 -5
      vertex -29.5917 62.8855 -5
    endloop
  endfacet
  facet normal -0.0941115 0.995562 0
    outer loop
      vertex -4.36394 69.3629 -5
      vertex -8.71066 68.952 -3
      vertex -4.36394 69.3629 -3
    endloop
  endfacet
  facet normal -0.0941115 0.995562 0
    outer loop
      vertex -8.71066 68.952 -3
      vertex -4.36394 69.3629 -5
      vertex -8.71066 68.952 -5
    endloop
  endfacet
  facet normal 0.453999 -0.891002 0
    outer loop
      vertex 29.5917 -62.8855 -5
      vertex 33.4819 -60.9033 -3
      vertex 29.5917 -62.8855 -3
    endloop
  endfacet
  facet normal 0.453999 -0.891002 0
    outer loop
      vertex 33.4819 -60.9033 -3
      vertex 29.5917 -62.8855 -5
      vertex 33.4819 -60.9033 -5
    endloop
  endfacet
  facet normal 0.612905 -0.790157 0
    outer loop
      vertex 40.8511 -56.2267 -5
      vertex 44.301 -53.5507 -3
      vertex 40.8511 -56.2267 -3
    endloop
  endfacet
  facet normal 0.612905 -0.790157 0
    outer loop
      vertex 44.301 -53.5507 -3
      vertex 40.8511 -56.2267 -5
      vertex 44.301 -53.5507 -5
    endloop
  endfacet
  facet normal -0.612905 -0.790157 0
    outer loop
      vertex -44.301 -53.5507 -5
      vertex -40.8511 -56.2267 -3
      vertex -44.301 -53.5507 -3
    endloop
  endfacet
  facet normal -0.612905 -0.790157 -0
    outer loop
      vertex -40.8511 -56.2267 -3
      vertex -44.301 -53.5507 -5
      vertex -40.8511 -56.2267 -5
    endloop
  endfacet
  facet normal -0.156433 -0.987689 0
    outer loop
      vertex -13.023 -68.269 -5
      vertex -8.71066 -68.952 -3
      vertex -13.023 -68.269 -3
    endloop
  endfacet
  facet normal -0.156433 -0.987689 -0
    outer loop
      vertex -8.71066 -68.952 -3
      vertex -13.023 -68.269 -5
      vertex -8.71066 -68.952 -5
    endloop
  endfacet
  facet normal -0.917753 -0.397151 0
    outer loop
      vertex -62.8855 -29.5917 -5
      vertex -64.6195 -25.5847 -3
      vertex -64.6195 -25.5847 -5
    endloop
  endfacet
  facet normal -0.917753 -0.397151 0
    outer loop
      vertex -64.6195 -25.5847 -3
      vertex -62.8855 -29.5917 -5
      vertex -62.8855 -29.5917 -3
    endloop
  endfacet
  facet normal -0.891002 -0.453999 0
    outer loop
      vertex -60.9033 -33.4819 -5
      vertex -62.8855 -29.5917 -3
      vertex -62.8855 -29.5917 -5
    endloop
  endfacet
  facet normal -0.891002 -0.453999 0
    outer loop
      vertex -62.8855 -29.5917 -3
      vertex -60.9033 -33.4819 -5
      vertex -60.9033 -33.4819 -3
    endloop
  endfacet
  facet normal -0.999507 -0.0314011 0
    outer loop
      vertex -69.3629 -4.36394 -5
      vertex -69.5 0 -3
      vertex -69.5 0 -5
    endloop
  endfacet
  facet normal -0.999507 -0.0314011 0
    outer loop
      vertex -69.5 0 -3
      vertex -69.3629 -4.36394 -5
      vertex -69.3629 -4.36394 -3
    endloop
  endfacet
  facet normal 0.987689 0.156433 0
    outer loop
      vertex 68.952 8.71066 -3
      vertex 68.269 13.023 -5
      vertex 68.269 13.023 -3
    endloop
  endfacet
  facet normal 0.987689 0.156433 0
    outer loop
      vertex 68.269 13.023 -5
      vertex 68.952 8.71066 -3
      vertex 68.952 8.71066 -5
    endloop
  endfacet
  facet normal 0.995562 0.0941115 0
    outer loop
      vertex 69.3629 4.36394 -3
      vertex 68.952 8.71066 -5
      vertex 68.952 8.71066 -3
    endloop
  endfacet
  facet normal 0.995562 0.0941115 0
    outer loop
      vertex 68.952 8.71066 -5
      vertex 69.3629 4.36394 -3
      vertex 69.3629 4.36394 -5
    endloop
  endfacet
  facet normal 0.790157 0.612905 0
    outer loop
      vertex 56.2267 40.8511 -3
      vertex 53.5507 44.301 -5
      vertex 53.5507 44.301 -3
    endloop
  endfacet
  facet normal 0.790157 0.612905 0
    outer loop
      vertex 53.5507 44.301 -5
      vertex 56.2267 40.8511 -3
      vertex 56.2267 40.8511 -5
    endloop
  endfacet
  facet normal 0.827081 0.562083 0
    outer loop
      vertex 58.6808 37.24 -3
      vertex 56.2267 40.8511 -5
      vertex 56.2267 40.8511 -3
    endloop
  endfacet
  facet normal 0.827081 0.562083 0
    outer loop
      vertex 56.2267 40.8511 -5
      vertex 58.6808 37.24 -3
      vertex 58.6808 37.24 -5
    endloop
  endfacet
  facet normal 0.860745 0.509036 0
    outer loop
      vertex 60.9033 33.4819 -3
      vertex 58.6808 37.24 -5
      vertex 58.6808 37.24 -3
    endloop
  endfacet
  facet normal 0.860745 0.509036 0
    outer loop
      vertex 58.6808 37.24 -5
      vertex 60.9033 33.4819 -3
      vertex 60.9033 33.4819 -5
    endloop
  endfacet
  facet normal 0.278987 0.960295 -0
    outer loop
      vertex 21.4767 66.0984 -5
      vertex 17.2839 67.3165 -3
      vertex 21.4767 66.0984 -3
    endloop
  endfacet
  facet normal 0.278987 0.960295 0
    outer loop
      vertex 17.2839 67.3165 -3
      vertex 21.4767 66.0984 -5
      vertex 17.2839 67.3165 -5
    endloop
  endfacet
  facet normal 0.0941115 0.995562 -0
    outer loop
      vertex 8.71066 68.952 -5
      vertex 4.36394 69.3629 -3
      vertex 8.71066 68.952 -3
    endloop
  endfacet
  facet normal 0.0941115 0.995562 0
    outer loop
      vertex 4.36394 69.3629 -3
      vertex 8.71066 68.952 -5
      vertex 4.36394 69.3629 -5
    endloop
  endfacet
  facet normal 0.509036 0.860745 -0
    outer loop
      vertex 37.24 58.6808 -5
      vertex 33.4819 60.9033 -3
      vertex 37.24 58.6808 -3
    endloop
  endfacet
  facet normal 0.509036 0.860745 0
    outer loop
      vertex 33.4819 60.9033 -3
      vertex 37.24 58.6808 -5
      vertex 33.4819 60.9033 -5
    endloop
  endfacet
  facet normal 0.612905 0.790157 -0
    outer loop
      vertex 44.301 53.5507 -5
      vertex 40.8511 56.2267 -3
      vertex 44.301 53.5507 -3
    endloop
  endfacet
  facet normal 0.612905 0.790157 0
    outer loop
      vertex 40.8511 56.2267 -3
      vertex 44.301 53.5507 -5
      vertex 40.8511 56.2267 -5
    endloop
  endfacet
  facet normal 0.661325 0.7501 -0
    outer loop
      vertex 47.576 50.6633 -5
      vertex 44.301 53.5507 -3
      vertex 47.576 50.6633 -3
    endloop
  endfacet
  facet normal 0.661325 0.7501 0
    outer loop
      vertex 44.301 53.5507 -3
      vertex 47.576 50.6633 -5
      vertex 44.301 53.5507 -5
    endloop
  endfacet
  facet normal -0.7501 0.661325 0
    outer loop
      vertex -53.5507 44.301 -5
      vertex -50.6633 47.576 -3
      vertex -50.6633 47.576 -5
    endloop
  endfacet
  facet normal -0.7501 0.661325 0
    outer loop
      vertex -50.6633 47.576 -3
      vertex -53.5507 44.301 -5
      vertex -53.5507 44.301 -3
    endloop
  endfacet
  facet normal -0.860745 0.509036 0
    outer loop
      vertex -60.9033 33.4819 -5
      vertex -58.6808 37.24 -3
      vertex -58.6808 37.24 -5
    endloop
  endfacet
  facet normal -0.860745 0.509036 0
    outer loop
      vertex -58.6808 37.24 -3
      vertex -60.9033 33.4819 -5
      vertex -60.9033 33.4819 -3
    endloop
  endfacet
  facet normal -0.940886 0.338724 0
    outer loop
      vertex -66.0984 21.4767 -5
      vertex -64.6195 25.5847 -3
      vertex -64.6195 25.5847 -5
    endloop
  endfacet
  facet normal -0.940886 0.338724 0
    outer loop
      vertex -64.6195 25.5847 -3
      vertex -66.0984 21.4767 -5
      vertex -66.0984 21.4767 -3
    endloop
  endfacet
  facet normal -0.960295 0.278987 0
    outer loop
      vertex -67.3165 17.2839 -5
      vertex -66.0984 21.4767 -3
      vertex -66.0984 21.4767 -5
    endloop
  endfacet
  facet normal -0.960295 0.278987 0
    outer loop
      vertex -66.0984 21.4767 -3
      vertex -67.3165 17.2839 -5
      vertex -67.3165 17.2839 -3
    endloop
  endfacet
  facet normal -0.995562 0.0941115 0
    outer loop
      vertex -69.3629 4.36394 -5
      vertex -68.952 8.71066 -3
      vertex -68.952 8.71066 -5
    endloop
  endfacet
  facet normal -0.995562 0.0941115 0
    outer loop
      vertex -68.952 8.71066 -3
      vertex -69.3629 4.36394 -5
      vertex -69.3629 4.36394 -3
    endloop
  endfacet
  facet normal 0 0 1
    outer loop
      vertex -3.5 72.89 5
      vertex -4.14417 65.8698 5
      vertex -3.5 65.89 5
    endloop
  endfacet
  facet normal -0 0 1
    outer loop
      vertex -4.58371 72.8559 5
      vertex -4.14417 65.8698 5
      vertex -3.5 72.89 5
    endloop
  endfacet
  facet normal 0 0 1
    outer loop
      vertex -4.58371 72.8559 5
      vertex -8.27199 65.4796 5
      vertex -4.14417 65.8698 5
    endloop
  endfacet
  facet normal -0 0 1
    outer loop
      vertex -9.14933 72.4244 5
      vertex -8.27199 65.4796 5
      vertex -4.58371 72.8559 5
    endloop
  endfacet
  facet normal 0 0 1
    outer loop
      vertex -9.14933 72.4244 5
      vertex -12.3672 64.831 5
      vertex -8.27199 65.4796 5
    endloop
  endfacet
  facet normal -0 0 1
    outer loop
      vertex -13.6788 71.707 5
      vertex -12.3672 64.831 5
      vertex -9.14933 72.4244 5
    endloop
  endfacet
  facet normal 0 0 1
    outer loop
      vertex -13.6788 71.707 5
      vertex -16.4135 63.9265 5
      vertex -12.3672 64.831 5
    endloop
  endfacet
  facet normal -0 0 1
    outer loop
      vertex -18.1544 70.7066 5
      vertex -16.4135 63.9265 5
      vertex -13.6788 71.707 5
    endloop
  endfacet
  facet normal 0 0 1
    outer loop
      vertex -18.1544 70.7066 5
      vertex -20.3951 62.7697 5
      vertex -16.4135 63.9265 5
    endloop
  endfacet
  facet normal -0 0 1
    outer loop
      vertex -22.5582 69.4271 5
      vertex -20.3951 62.7697 5
      vertex -18.1544 70.7066 5
    endloop
  endfacet
  facet normal 0 0 1
    outer loop
      vertex -22.5582 69.4271 5
      vertex -24.2962 61.3652 5
      vertex -20.3951 62.7697 5
    endloop
  endfacet
  facet normal -0 0 1
    outer loop
      vertex -26.8731 67.8737 5
      vertex -24.2962 61.3652 5
      vertex -22.5582 69.4271 5
    endloop
  endfacet
  facet normal 0 0 1
    outer loop
      vertex -26.8731 67.8737 5
      vertex -28.1014 59.7186 5
      vertex -24.2962 61.3652 5
    endloop
  endfacet
  facet normal -0 0 1
    outer loop
      vertex -31.0819 66.0524 5
      vertex -28.1014 59.7186 5
      vertex -26.8731 67.8737 5
    endloop
  endfacet
  facet normal 0 0 1
    outer loop
      vertex -31.0819 66.0524 5
      vertex -31.7957 57.8362 5
      vertex -28.1014 59.7186 5
    endloop
  endfacet
  facet normal -0 0 1
    outer loop
      vertex -35.168 63.9704 5
      vertex -31.7957 57.8362 5
      vertex -31.0819 66.0524 5
    endloop
  endfacet
  facet normal 0 0 1
    outer loop
      vertex -35.168 63.9704 5
      vertex -35.3646 55.7256 5
      vertex -31.7957 57.8362 5
    endloop
  endfacet
  facet normal -0 0 1
    outer loop
      vertex -39.1154 61.6359 5
      vertex -35.3646 55.7256 5
      vertex -35.168 63.9704 5
    endloop
  endfacet
  facet normal 0 0 1
    outer loop
      vertex -35.3646 55.7256 5
      vertex -39.1154 61.6359 5
      vertex -38.7938 53.3951 5
    endloop
  endfacet
  facet normal -0 0 1
    outer loop
      vertex -42.9083 59.0582 5
      vertex -38.7938 53.3951 5
      vertex -39.1154 61.6359 5
    endloop
  endfacet
  facet normal 0 0 1
    outer loop
      vertex -38.7938 53.3951 5
      vertex -42.9083 59.0582 5
      vertex -42.07 50.8539 5
    endloop
  endfacet
  facet normal -0 0 1
    outer loop
      vertex -46.532 56.2475 5
      vertex -42.07 50.8539 5
      vertex -42.9083 59.0582 5
    endloop
  endfacet
  facet normal 0 0 1
    outer loop
      vertex -42.07 50.8539 5
      vertex -46.532 56.2475 5
      vertex -45.1801 48.1119 5
    endloop
  endfacet
  facet normal -0 0 1
    outer loop
      vertex -49.9719 53.2147 5
      vertex -45.1801 48.1119 5
      vertex -46.532 56.2475 5
    endloop
  endfacet
  facet normal 0 0 1
    outer loop
      vertex -45.1801 48.1119 5
      vertex -49.9719 53.2147 5
      vertex -48.1119 45.1801 5
    endloop
  endfacet
  facet normal -0 0 1
    outer loop
      vertex -53.2147 49.9719 5
      vertex -48.1119 45.1801 5
      vertex -49.9719 53.2147 5
    endloop
  endfacet
  facet normal 0 0 1
    outer loop
      vertex -48.1119 45.1801 5
      vertex -53.2147 49.9719 5
      vertex -50.8539 42.07 5
    endloop
  endfacet
  facet normal -0 0 1
    outer loop
      vertex -56.2475 46.532 5
      vertex -50.8539 42.07 5
      vertex -53.2147 49.9719 5
    endloop
  endfacet
  facet normal 0 0 1
    outer loop
      vertex -50.8539 42.07 5
      vertex -56.2475 46.532 5
      vertex -53.3951 38.7938 5
    endloop
  endfacet
  facet normal -0 0 1
    outer loop
      vertex -59.0582 42.9083 5
      vertex -53.3951 38.7938 5
      vertex -56.2475 46.532 5
    endloop
  endfacet
  facet normal 0 0 1
    outer loop
      vertex -53.3951 38.7938 5
      vertex -59.0582 42.9083 5
      vertex -55.7256 35.3646 5
    endloop
  endfacet
  facet normal -0 0 1
    outer loop
      vertex -61.6359 39.1154 5
      vertex -55.7256 35.3646 5
      vertex -59.0582 42.9083 5
    endloop
  endfacet
  facet normal 0 0 1
    outer loop
      vertex -55.7256 35.3646 5
      vertex -61.6359 39.1154 5
      vertex -57.8362 31.7957 5
    endloop
  endfacet
  facet normal -0 0 1
    outer loop
      vertex -63.9704 35.168 5
      vertex -57.8362 31.7957 5
      vertex -61.6359 39.1154 5
    endloop
  endfacet
  facet normal 0 0 1
    outer loop
      vertex -57.8362 31.7957 5
      vertex -63.9704 35.168 5
      vertex -59.7186 28.1014 5
    endloop
  endfacet
  facet normal -0 0 1
    outer loop
      vertex -66.0524 31.0819 5
      vertex -59.7186 28.1014 5
      vertex -63.9704 35.168 5
    endloop
  endfacet
  facet normal 0 0 1
    outer loop
      vertex -59.7186 28.1014 5
      vertex -66.0524 31.0819 5
      vertex -61.3652 24.2962 5
    endloop
  endfacet
  facet normal -0 0 1
    outer loop
      vertex -67.8737 26.8731 5
      vertex -61.3652 24.2962 5
      vertex -66.0524 31.0819 5
    endloop
  endfacet
  facet normal 0 0 1
    outer loop
      vertex -61.3652 24.2962 5
      vertex -67.8737 26.8731 5
      vertex -62.7697 20.3951 5
    endloop
  endfacet
  facet normal -0 0 1
    outer loop
      vertex -69.4271 22.5582 5
      vertex -62.7697 20.3951 5
      vertex -67.8737 26.8731 5
    endloop
  endfacet
  facet normal 0 0 1
    outer loop
      vertex -62.7697 20.3951 5
      vertex -69.4271 22.5582 5
      vertex -63.9265 16.4135 5
    endloop
  endfacet
  facet normal 0 0 1
    outer loop
      vertex -63.9265 16.4135 5
      vertex -70.7066 18.1544 5
      vertex -64.831 12.3672 5
    endloop
  endfacet
  facet normal -0 0 1
    outer loop
      vertex -70.7066 18.1544 5
      vertex -63.9265 16.4135 5
      vertex -69.4271 22.5582 5
    endloop
  endfacet
  facet normal 0 0 1
    outer loop
      vertex 66 0 5
      vertex 73 0 5
      vertex 72.8559 4.58371 5
    endloop
  endfacet
  facet normal 0 0 1
    outer loop
      vertex 65.8698 4.14417 5
      vertex 72.8559 4.58371 5
      vertex 72.4244 9.14933 5
    endloop
  endfacet
  facet normal 0 0 1
    outer loop
      vertex 73 0 5
      vertex 66 0 5
      vertex 72.8559 -4.58371 5
    endloop
  endfacet
  facet normal 0 0 1
    outer loop
      vertex 65.4796 8.27199 5
      vertex 72.4244 9.14933 5
      vertex 71.707 13.6788 5
    endloop
  endfacet
  facet normal -0 0 1
    outer loop
      vertex 65.8698 -4.14417 5
      vertex 72.8559 -4.58371 5
      vertex 66 0 5
    endloop
  endfacet
  facet normal 0 0 1
    outer loop
      vertex 64.831 12.3672 5
      vertex 71.707 13.6788 5
      vertex 70.7066 18.1544 5
    endloop
  endfacet
  facet normal 0 0 1
    outer loop
      vertex 72.8559 -4.58371 5
      vertex 65.8698 -4.14417 5
      vertex 72.4244 -9.14933 5
    endloop
  endfacet
  facet normal 0 0 1
    outer loop
      vertex 63.9265 16.4135 5
      vertex 70.7066 18.1544 5
      vertex 69.4271 22.5582 5
    endloop
  endfacet
  facet normal -0 0 1
    outer loop
      vertex 65.4796 -8.27199 5
      vertex 72.4244 -9.14933 5
      vertex 65.8698 -4.14417 5
    endloop
  endfacet
  facet normal 0 0 1
    outer loop
      vertex 62.7697 20.3951 5
      vertex 69.4271 22.5582 5
      vertex 67.8737 26.8731 5
    endloop
  endfacet
  facet normal 0 0 1
    outer loop
      vertex 72.4244 -9.14933 5
      vertex 65.4796 -8.27199 5
      vertex 71.707 -13.6788 5
    endloop
  endfacet
  facet normal 0 0 1
    outer loop
      vertex 61.3652 24.2962 5
      vertex 67.8737 26.8731 5
      vertex 66.0524 31.0819 5
    endloop
  endfacet
  facet normal -0 0 1
    outer loop
      vertex 64.831 -12.3672 5
      vertex 71.707 -13.6788 5
      vertex 65.4796 -8.27199 5
    endloop
  endfacet
  facet normal 0 0 1
    outer loop
      vertex 71.707 -13.6788 5
      vertex 64.831 -12.3672 5
      vertex 70.7066 -18.1544 5
    endloop
  endfacet
  facet normal 0 0 1
    outer loop
      vertex 72.8559 4.58371 5
      vertex 65.8698 4.14417 5
      vertex 66 0 5
    endloop
  endfacet
  facet normal 0 0 1
    outer loop
      vertex 72.4244 9.14933 5
      vertex 65.4796 8.27199 5
      vertex 65.8698 4.14417 5
    endloop
  endfacet
  facet normal 0 0 1
    outer loop
      vertex 71.707 13.6788 5
      vertex 64.831 12.3672 5
      vertex 65.4796 8.27199 5
    endloop
  endfacet
  facet normal 0 0 1
    outer loop
      vertex 59.7186 28.1014 5
      vertex 66.0524 31.0819 5
      vertex 63.9704 35.168 5
    endloop
  endfacet
  facet normal 0 0 1
    outer loop
      vertex 70.7066 18.1544 5
      vertex 63.9265 16.4135 5
      vertex 64.831 12.3672 5
    endloop
  endfacet
  facet normal 0 0 1
    outer loop
      vertex 69.4271 22.5582 5
      vertex 62.7697 20.3951 5
      vertex 63.9265 16.4135 5
    endloop
  endfacet
  facet normal 0 0 1
    outer loop
      vertex 57.8362 31.7957 5
      vertex 63.9704 35.168 5
      vertex 61.6359 39.1154 5
    endloop
  endfacet
  facet normal 0 0 1
    outer loop
      vertex 67.8737 26.8731 5
      vertex 61.3652 24.2962 5
      vertex 62.7697 20.3951 5
    endloop
  endfacet
  facet normal 0 0 1
    outer loop
      vertex 66.0524 31.0819 5
      vertex 59.7186 28.1014 5
      vertex 61.3652 24.2962 5
    endloop
  endfacet
  facet normal 0 0 1
    outer loop
      vertex 55.7256 35.3646 5
      vertex 61.6359 39.1154 5
      vertex 59.0582 42.9083 5
    endloop
  endfacet
  facet normal 0 0 1
    outer loop
      vertex 63.9704 35.168 5
      vertex 57.8362 31.7957 5
      vertex 59.7186 28.1014 5
    endloop
  endfacet
  facet normal 0 0 1
    outer loop
      vertex 53.3951 38.7938 5
      vertex 59.0582 42.9083 5
      vertex 56.2475 46.532 5
    endloop
  endfacet
  facet normal 0 0 1
    outer loop
      vertex 61.6359 39.1154 5
      vertex 55.7256 35.3646 5
      vertex 57.8362 31.7957 5
    endloop
  endfacet
  facet normal 0 0 1
    outer loop
      vertex 59.0582 42.9083 5
      vertex 53.3951 38.7938 5
      vertex 55.7256 35.3646 5
    endloop
  endfacet
  facet normal 0 0 1
    outer loop
      vertex 50.8539 42.07 5
      vertex 56.2475 46.532 5
      vertex 53.2147 49.9719 5
    endloop
  endfacet
  facet normal 0 0 1
    outer loop
      vertex 56.2475 46.532 5
      vertex 50.8539 42.07 5
      vertex 53.3951 38.7938 5
    endloop
  endfacet
  facet normal 0 0 1
    outer loop
      vertex 48.1119 45.1801 5
      vertex 53.2147 49.9719 5
      vertex 49.9719 53.2147 5
    endloop
  endfacet
  facet normal 0 0 1
    outer loop
      vertex 53.2147 49.9719 5
      vertex 48.1119 45.1801 5
      vertex 50.8539 42.07 5
    endloop
  endfacet
  facet normal 0 0 1
    outer loop
      vertex 45.1801 48.1119 5
      vertex 49.9719 53.2147 5
      vertex 46.532 56.2475 5
    endloop
  endfacet
  facet normal 0 0 1
    outer loop
      vertex 49.9719 53.2147 5
      vertex 45.1801 48.1119 5
      vertex 48.1119 45.1801 5
    endloop
  endfacet
  facet normal 0 0 1
    outer loop
      vertex 42.07 50.8539 5
      vertex 46.532 56.2475 5
      vertex 42.9083 59.0582 5
    endloop
  endfacet
  facet normal 0 0 1
    outer loop
      vertex 46.532 56.2475 5
      vertex 42.07 50.8539 5
      vertex 45.1801 48.1119 5
    endloop
  endfacet
  facet normal 0 0 1
    outer loop
      vertex 38.7938 53.3951 5
      vertex 42.9083 59.0582 5
      vertex 39.1154 61.6359 5
    endloop
  endfacet
  facet normal 0 0 1
    outer loop
      vertex 42.9083 59.0582 5
      vertex 38.7938 53.3951 5
      vertex 42.07 50.8539 5
    endloop
  endfacet
  facet normal 0 0 1
    outer loop
      vertex 39.1154 61.6359 5
      vertex 35.3646 55.7256 5
      vertex 38.7938 53.3951 5
    endloop
  endfacet
  facet normal 0 0 1
    outer loop
      vertex 35.168 63.9704 5
      vertex 35.3646 55.7256 5
      vertex 39.1154 61.6359 5
    endloop
  endfacet
  facet normal 0 0 1
    outer loop
      vertex 35.168 63.9704 5
      vertex 31.7957 57.8362 5
      vertex 35.3646 55.7256 5
    endloop
  endfacet
  facet normal 0 0 1
    outer loop
      vertex 31.0819 66.0524 5
      vertex 31.7957 57.8362 5
      vertex 35.168 63.9704 5
    endloop
  endfacet
  facet normal 0 0 1
    outer loop
      vertex 31.0819 66.0524 5
      vertex 28.1014 59.7186 5
      vertex 31.7957 57.8362 5
    endloop
  endfacet
  facet normal 0 0 1
    outer loop
      vertex 26.8731 67.8737 5
      vertex 28.1014 59.7186 5
      vertex 31.0819 66.0524 5
    endloop
  endfacet
  facet normal 0 0 1
    outer loop
      vertex 26.8731 67.8737 5
      vertex 24.2962 61.3652 5
      vertex 28.1014 59.7186 5
    endloop
  endfacet
  facet normal 0 0 1
    outer loop
      vertex 22.5582 69.4271 5
      vertex 24.2962 61.3652 5
      vertex 26.8731 67.8737 5
    endloop
  endfacet
  facet normal 0 0 1
    outer loop
      vertex 22.5582 69.4271 5
      vertex 20.3951 62.7697 5
      vertex 24.2962 61.3652 5
    endloop
  endfacet
  facet normal 0 0 1
    outer loop
      vertex 18.1544 70.7066 5
      vertex 20.3951 62.7697 5
      vertex 22.5582 69.4271 5
    endloop
  endfacet
  facet normal 0 0 1
    outer loop
      vertex 18.1544 70.7066 5
      vertex 16.4135 63.9265 5
      vertex 20.3951 62.7697 5
    endloop
  endfacet
  facet normal 0 0 1
    outer loop
      vertex 13.6788 71.707 5
      vertex 16.4135 63.9265 5
      vertex 18.1544 70.7066 5
    endloop
  endfacet
  facet normal 0 0 1
    outer loop
      vertex 13.6788 71.707 5
      vertex 12.3672 64.831 5
      vertex 16.4135 63.9265 5
    endloop
  endfacet
  facet normal 0 0 1
    outer loop
      vertex 9.14933 72.4244 5
      vertex 12.3672 64.831 5
      vertex 13.6788 71.707 5
    endloop
  endfacet
  facet normal 0 0 1
    outer loop
      vertex 9.14933 72.4244 5
      vertex 8.27199 65.4796 5
      vertex 12.3672 64.831 5
    endloop
  endfacet
  facet normal 0 0 1
    outer loop
      vertex 4.58371 72.8559 5
      vertex 8.27199 65.4796 5
      vertex 9.14933 72.4244 5
    endloop
  endfacet
  facet normal 0 0 1
    outer loop
      vertex 4.58371 72.8559 5
      vertex 4.14417 65.8698 5
      vertex 8.27199 65.4796 5
    endloop
  endfacet
  facet normal 0 0 1
    outer loop
      vertex 3.5 72.89 5
      vertex 4.14417 65.8698 5
      vertex 4.58371 72.8559 5
    endloop
  endfacet
  facet normal 0 0 1
    outer loop
      vertex 4.14417 65.8698 5
      vertex 3.5 72.89 5
      vertex 3.5 65.89 5
    endloop
  endfacet
  facet normal -0 0 1
    outer loop
      vertex 63.9265 -16.4135 5
      vertex 70.7066 -18.1544 5
      vertex 64.831 -12.3672 5
    endloop
  endfacet
  facet normal 0 0 1
    outer loop
      vertex 70.7066 -18.1544 5
      vertex 63.9265 -16.4135 5
      vertex 69.4271 -22.5582 5
    endloop
  endfacet
  facet normal -0 0 1
    outer loop
      vertex 62.7697 -20.3951 5
      vertex 69.4271 -22.5582 5
      vertex 63.9265 -16.4135 5
    endloop
  endfacet
  facet normal 0 0 1
    outer loop
      vertex 69.4271 -22.5582 5
      vertex 62.7697 -20.3951 5
      vertex 67.8737 -26.8731 5
    endloop
  endfacet
  facet normal -0 0 1
    outer loop
      vertex 61.3652 -24.2962 5
      vertex 67.8737 -26.8731 5
      vertex 62.7697 -20.3951 5
    endloop
  endfacet
  facet normal 0 0 1
    outer loop
      vertex 67.8737 -26.8731 5
      vertex 61.3652 -24.2962 5
      vertex 66.0524 -31.0819 5
    endloop
  endfacet
  facet normal -0 0 1
    outer loop
      vertex 59.7186 -28.1014 5
      vertex 66.0524 -31.0819 5
      vertex 61.3652 -24.2962 5
    endloop
  endfacet
  facet normal 0 0 1
    outer loop
      vertex 66.0524 -31.0819 5
      vertex 59.7186 -28.1014 5
      vertex 63.9704 -35.168 5
    endloop
  endfacet
  facet normal -0 0 1
    outer loop
      vertex 57.8362 -31.7957 5
      vertex 63.9704 -35.168 5
      vertex 59.7186 -28.1014 5
    endloop
  endfacet
  facet normal 0 0 1
    outer loop
      vertex 63.9704 -35.168 5
      vertex 57.8362 -31.7957 5
      vertex 61.6359 -39.1154 5
    endloop
  endfacet
  facet normal -0 0 1
    outer loop
      vertex 55.7256 -35.3646 5
      vertex 61.6359 -39.1154 5
      vertex 57.8362 -31.7957 5
    endloop
  endfacet
  facet normal 0 0 1
    outer loop
      vertex 61.6359 -39.1154 5
      vertex 55.7256 -35.3646 5
      vertex 59.0582 -42.9083 5
    endloop
  endfacet
  facet normal -0 0 1
    outer loop
      vertex 53.3951 -38.7938 5
      vertex 59.0582 -42.9083 5
      vertex 55.7256 -35.3646 5
    endloop
  endfacet
  facet normal 0 0 1
    outer loop
      vertex 59.0582 -42.9083 5
      vertex 53.3951 -38.7938 5
      vertex 56.2475 -46.532 5
    endloop
  endfacet
  facet normal -0 0 1
    outer loop
      vertex 50.8539 -42.07 5
      vertex 56.2475 -46.532 5
      vertex 53.3951 -38.7938 5
    endloop
  endfacet
  facet normal 0 0 1
    outer loop
      vertex 56.2475 -46.532 5
      vertex 50.8539 -42.07 5
      vertex 53.2147 -49.9719 5
    endloop
  endfacet
  facet normal -0 0 1
    outer loop
      vertex 48.1119 -45.1801 5
      vertex 53.2147 -49.9719 5
      vertex 50.8539 -42.07 5
    endloop
  endfacet
  facet normal 0 0 1
    outer loop
      vertex 53.2147 -49.9719 5
      vertex 48.1119 -45.1801 5
      vertex 49.9719 -53.2147 5
    endloop
  endfacet
  facet normal -0 0 1
    outer loop
      vertex 45.1801 -48.1119 5
      vertex 49.9719 -53.2147 5
      vertex 48.1119 -45.1801 5
    endloop
  endfacet
  facet normal 0 0 1
    outer loop
      vertex 49.9719 -53.2147 5
      vertex 45.1801 -48.1119 5
      vertex 46.532 -56.2475 5
    endloop
  endfacet
  facet normal -0 0 1
    outer loop
      vertex 42.07 -50.8539 5
      vertex 46.532 -56.2475 5
      vertex 45.1801 -48.1119 5
    endloop
  endfacet
  facet normal 0 0 1
    outer loop
      vertex 46.532 -56.2475 5
      vertex 42.07 -50.8539 5
      vertex 42.9083 -59.0582 5
    endloop
  endfacet
  facet normal -0 0 1
    outer loop
      vertex 38.7938 -53.3951 5
      vertex 42.9083 -59.0582 5
      vertex 42.07 -50.8539 5
    endloop
  endfacet
  facet normal 0 0 1
    outer loop
      vertex 42.9083 -59.0582 5
      vertex 38.7938 -53.3951 5
      vertex 39.1154 -61.6359 5
    endloop
  endfacet
  facet normal -0 0 1
    outer loop
      vertex 35.3646 -55.7256 5
      vertex 39.1154 -61.6359 5
      vertex 38.7938 -53.3951 5
    endloop
  endfacet
  facet normal 0 0 1
    outer loop
      vertex 35.3646 -55.7256 5
      vertex 35.168 -63.9704 5
      vertex 39.1154 -61.6359 5
    endloop
  endfacet
  facet normal -0 0 1
    outer loop
      vertex 31.7957 -57.8362 5
      vertex 35.168 -63.9704 5
      vertex 35.3646 -55.7256 5
    endloop
  endfacet
  facet normal 0 0 1
    outer loop
      vertex 31.7957 -57.8362 5
      vertex 31.0819 -66.0524 5
      vertex 35.168 -63.9704 5
    endloop
  endfacet
  facet normal -0 0 1
    outer loop
      vertex 28.1014 -59.7186 5
      vertex 31.0819 -66.0524 5
      vertex 31.7957 -57.8362 5
    endloop
  endfacet
  facet normal 0 0 1
    outer loop
      vertex 28.1014 -59.7186 5
      vertex 26.8731 -67.8737 5
      vertex 31.0819 -66.0524 5
    endloop
  endfacet
  facet normal -0 0 1
    outer loop
      vertex 24.2962 -61.3652 5
      vertex 26.8731 -67.8737 5
      vertex 28.1014 -59.7186 5
    endloop
  endfacet
  facet normal 0 0 1
    outer loop
      vertex 24.2962 -61.3652 5
      vertex 22.5582 -69.4271 5
      vertex 26.8731 -67.8737 5
    endloop
  endfacet
  facet normal -0 0 1
    outer loop
      vertex 20.3951 -62.7697 5
      vertex 22.5582 -69.4271 5
      vertex 24.2962 -61.3652 5
    endloop
  endfacet
  facet normal 0 0 1
    outer loop
      vertex 20.3951 -62.7697 5
      vertex 18.1544 -70.7066 5
      vertex 22.5582 -69.4271 5
    endloop
  endfacet
  facet normal -0 0 1
    outer loop
      vertex 16.4135 -63.9265 5
      vertex 18.1544 -70.7066 5
      vertex 20.3951 -62.7697 5
    endloop
  endfacet
  facet normal 0 0 1
    outer loop
      vertex 16.4135 -63.9265 5
      vertex 13.6788 -71.707 5
      vertex 18.1544 -70.7066 5
    endloop
  endfacet
  facet normal -0 0 1
    outer loop
      vertex 12.3672 -64.831 5
      vertex 13.6788 -71.707 5
      vertex 16.4135 -63.9265 5
    endloop
  endfacet
  facet normal 0 0 1
    outer loop
      vertex 12.3672 -64.831 5
      vertex 9.14933 -72.4244 5
      vertex 13.6788 -71.707 5
    endloop
  endfacet
  facet normal -0 0 1
    outer loop
      vertex 8.27199 -65.4796 5
      vertex 9.14933 -72.4244 5
      vertex 12.3672 -64.831 5
    endloop
  endfacet
  facet normal 0 0 1
    outer loop
      vertex 8.27199 -65.4796 5
      vertex 4.58371 -72.8559 5
      vertex 9.14933 -72.4244 5
    endloop
  endfacet
  facet normal -0 0 1
    outer loop
      vertex 4.14417 -65.8698 5
      vertex 4.58371 -72.8559 5
      vertex 8.27199 -65.4796 5
    endloop
  endfacet
  facet normal -0 0 1
    outer loop
      vertex 0 -66 5
      vertex 4.58371 -72.8559 5
      vertex 4.14417 -65.8698 5
    endloop
  endfacet
  facet normal 0 0 1
    outer loop
      vertex 0 -66 5
      vertex 0 -73 5
      vertex 4.58371 -72.8559 5
    endloop
  endfacet
  facet normal 0 0 1
    outer loop
      vertex -4.14417 -65.8698 5
      vertex 0 -73 5
      vertex 0 -66 5
    endloop
  endfacet
  facet normal 0 0 1
    outer loop
      vertex -4.14417 -65.8698 5
      vertex -4.58371 -72.8559 5
      vertex 0 -73 5
    endloop
  endfacet
  facet normal 0 0 1
    outer loop
      vertex -8.27199 -65.4796 5
      vertex -4.58371 -72.8559 5
      vertex -4.14417 -65.8698 5
    endloop
  endfacet
  facet normal 0 0 1
    outer loop
      vertex -8.27199 -65.4796 5
      vertex -9.14933 -72.4244 5
      vertex -4.58371 -72.8559 5
    endloop
  endfacet
  facet normal 0 0 1
    outer loop
      vertex -12.3672 -64.831 5
      vertex -9.14933 -72.4244 5
      vertex -8.27199 -65.4796 5
    endloop
  endfacet
  facet normal 0 0 1
    outer loop
      vertex -12.3672 -64.831 5
      vertex -13.6788 -71.707 5
      vertex -9.14933 -72.4244 5
    endloop
  endfacet
  facet normal 0 0 1
    outer loop
      vertex -16.4135 -63.9265 5
      vertex -13.6788 -71.707 5
      vertex -12.3672 -64.831 5
    endloop
  endfacet
  facet normal 0 0 1
    outer loop
      vertex -16.4135 -63.9265 5
      vertex -18.1544 -70.7066 5
      vertex -13.6788 -71.707 5
    endloop
  endfacet
  facet normal 0 0 1
    outer loop
      vertex -20.3951 -62.7697 5
      vertex -18.1544 -70.7066 5
      vertex -16.4135 -63.9265 5
    endloop
  endfacet
  facet normal 0 0 1
    outer loop
      vertex -20.3951 -62.7697 5
      vertex -22.5582 -69.4271 5
      vertex -18.1544 -70.7066 5
    endloop
  endfacet
  facet normal 0 0 1
    outer loop
      vertex -24.2962 -61.3652 5
      vertex -22.5582 -69.4271 5
      vertex -20.3951 -62.7697 5
    endloop
  endfacet
  facet normal 0 0 1
    outer loop
      vertex -24.2962 -61.3652 5
      vertex -26.8731 -67.8737 5
      vertex -22.5582 -69.4271 5
    endloop
  endfacet
  facet normal 0 0 1
    outer loop
      vertex -28.1014 -59.7186 5
      vertex -26.8731 -67.8737 5
      vertex -24.2962 -61.3652 5
    endloop
  endfacet
  facet normal 0 0 1
    outer loop
      vertex -28.1014 -59.7186 5
      vertex -31.0819 -66.0524 5
      vertex -26.8731 -67.8737 5
    endloop
  endfacet
  facet normal 0 0 1
    outer loop
      vertex -31.7957 -57.8362 5
      vertex -31.0819 -66.0524 5
      vertex -28.1014 -59.7186 5
    endloop
  endfacet
  facet normal 0 0 1
    outer loop
      vertex -31.7957 -57.8362 5
      vertex -35.168 -63.9704 5
      vertex -31.0819 -66.0524 5
    endloop
  endfacet
  facet normal 0 0 1
    outer loop
      vertex -35.3646 -55.7256 5
      vertex -35.168 -63.9704 5
      vertex -31.7957 -57.8362 5
    endloop
  endfacet
  facet normal 0 0 1
    outer loop
      vertex -39.1154 -61.6359 5
      vertex -35.3646 -55.7256 5
      vertex -38.7938 -53.3951 5
    endloop
  endfacet
  facet normal 0 0 1
    outer loop
      vertex -35.3646 -55.7256 5
      vertex -39.1154 -61.6359 5
      vertex -35.168 -63.9704 5
    endloop
  endfacet
  facet normal 0 0 1
    outer loop
      vertex -42.9083 -59.0582 5
      vertex -38.7938 -53.3951 5
      vertex -42.07 -50.8539 5
    endloop
  endfacet
  facet normal 0 0 1
    outer loop
      vertex -38.7938 -53.3951 5
      vertex -42.9083 -59.0582 5
      vertex -39.1154 -61.6359 5
    endloop
  endfacet
  facet normal 0 0 1
    outer loop
      vertex -46.532 -56.2475 5
      vertex -42.07 -50.8539 5
      vertex -45.1801 -48.1119 5
    endloop
  endfacet
  facet normal 0 0 1
    outer loop
      vertex -42.07 -50.8539 5
      vertex -46.532 -56.2475 5
      vertex -42.9083 -59.0582 5
    endloop
  endfacet
  facet normal 0 0 1
    outer loop
      vertex -49.9719 -53.2147 5
      vertex -45.1801 -48.1119 5
      vertex -48.1119 -45.1801 5
    endloop
  endfacet
  facet normal 0 0 1
    outer loop
      vertex -45.1801 -48.1119 5
      vertex -49.9719 -53.2147 5
      vertex -46.532 -56.2475 5
    endloop
  endfacet
  facet normal 0 0 1
    outer loop
      vertex -53.2147 -49.9719 5
      vertex -48.1119 -45.1801 5
      vertex -50.8539 -42.07 5
    endloop
  endfacet
  facet normal 0 0 1
    outer loop
      vertex -48.1119 -45.1801 5
      vertex -53.2147 -49.9719 5
      vertex -49.9719 -53.2147 5
    endloop
  endfacet
  facet normal 0 0 1
    outer loop
      vertex -56.2475 -46.532 5
      vertex -50.8539 -42.07 5
      vertex -53.3951 -38.7938 5
    endloop
  endfacet
  facet normal 0 0 1
    outer loop
      vertex -59.0582 -42.9083 5
      vertex -53.3951 -38.7938 5
      vertex -55.7256 -35.3646 5
    endloop
  endfacet
  facet normal 0 0 1
    outer loop
      vertex -50.8539 -42.07 5
      vertex -56.2475 -46.532 5
      vertex -53.2147 -49.9719 5
    endloop
  endfacet
  facet normal 0 0 1
    outer loop
      vertex -61.6359 -39.1154 5
      vertex -55.7256 -35.3646 5
      vertex -57.8362 -31.7957 5
    endloop
  endfacet
  facet normal 0 0 1
    outer loop
      vertex -53.3951 -38.7938 5
      vertex -59.0582 -42.9083 5
      vertex -56.2475 -46.532 5
    endloop
  endfacet
  facet normal 0 0 1
    outer loop
      vertex -63.9704 -35.168 5
      vertex -57.8362 -31.7957 5
      vertex -59.7186 -28.1014 5
    endloop
  endfacet
  facet normal 0 0 1
    outer loop
      vertex -66.0524 -31.0819 5
      vertex -59.7186 -28.1014 5
      vertex -61.3652 -24.2962 5
    endloop
  endfacet
  facet normal 0 0 1
    outer loop
      vertex -55.7256 -35.3646 5
      vertex -61.6359 -39.1154 5
      vertex -59.0582 -42.9083 5
    endloop
  endfacet
  facet normal 0 0 1
    outer loop
      vertex -67.8737 -26.8731 5
      vertex -61.3652 -24.2962 5
      vertex -62.7697 -20.3951 5
    endloop
  endfacet
  facet normal 0 0 1
    outer loop
      vertex -69.4271 -22.5582 5
      vertex -62.7697 -20.3951 5
      vertex -63.9265 -16.4135 5
    endloop
  endfacet
  facet normal 0 0 1
    outer loop
      vertex -57.8362 -31.7957 5
      vertex -63.9704 -35.168 5
      vertex -61.6359 -39.1154 5
    endloop
  endfacet
  facet normal 0 0 1
    outer loop
      vertex -70.7066 -18.1544 5
      vertex -63.9265 -16.4135 5
      vertex -64.831 -12.3672 5
    endloop
  endfacet
  facet normal 0 0 1
    outer loop
      vertex -71.707 -13.6788 5
      vertex -64.831 -12.3672 5
      vertex -65.4796 -8.27199 5
    endloop
  endfacet
  facet normal 0 0 1
    outer loop
      vertex -72.4244 -9.14933 5
      vertex -65.4796 -8.27199 5
      vertex -65.8698 -4.14417 5
    endloop
  endfacet
  facet normal 0 0 1
    outer loop
      vertex -59.7186 -28.1014 5
      vertex -66.0524 -31.0819 5
      vertex -63.9704 -35.168 5
    endloop
  endfacet
  facet normal 0 0 1
    outer loop
      vertex -72.8559 -4.58371 5
      vertex -65.8698 -4.14417 5
      vertex -66 0 5
    endloop
  endfacet
  facet normal -0 0 1
    outer loop
      vertex -71.707 13.6788 5
      vertex -64.831 12.3672 5
      vertex -70.7066 18.1544 5
    endloop
  endfacet
  facet normal 0 0 1
    outer loop
      vertex -64.831 12.3672 5
      vertex -71.707 13.6788 5
      vertex -65.4796 8.27199 5
    endloop
  endfacet
  facet normal 0 0 1
    outer loop
      vertex -61.3652 -24.2962 5
      vertex -67.8737 -26.8731 5
      vertex -66.0524 -31.0819 5
    endloop
  endfacet
  facet normal -0 0 1
    outer loop
      vertex -72.4244 9.14933 5
      vertex -65.4796 8.27199 5
      vertex -71.707 13.6788 5
    endloop
  endfacet
  facet normal 0 0 1
    outer loop
      vertex -62.7697 -20.3951 5
      vertex -69.4271 -22.5582 5
      vertex -67.8737 -26.8731 5
    endloop
  endfacet
  facet normal 0 0 1
    outer loop
      vertex -65.4796 8.27199 5
      vertex -72.4244 9.14933 5
      vertex -65.8698 4.14417 5
    endloop
  endfacet
  facet normal 0 0 1
    outer loop
      vertex -63.9265 -16.4135 5
      vertex -70.7066 -18.1544 5
      vertex -69.4271 -22.5582 5
    endloop
  endfacet
  facet normal -0 0 1
    outer loop
      vertex -72.8559 4.58371 5
      vertex -65.8698 4.14417 5
      vertex -72.4244 9.14933 5
    endloop
  endfacet
  facet normal 0 0 1
    outer loop
      vertex -64.831 -12.3672 5
      vertex -71.707 -13.6788 5
      vertex -70.7066 -18.1544 5
    endloop
  endfacet
  facet normal 0 0 1
    outer loop
      vertex -65.8698 4.14417 5
      vertex -72.8559 4.58371 5
      vertex -66 0 5
    endloop
  endfacet
  facet normal 0 0 1
    outer loop
      vertex -65.4796 -8.27199 5
      vertex -72.4244 -9.14933 5
      vertex -71.707 -13.6788 5
    endloop
  endfacet
  facet normal 0 0 1
    outer loop
      vertex -73 0 5
      vertex -66 0 5
      vertex -72.8559 4.58371 5
    endloop
  endfacet
  facet normal 0 0 1
    outer loop
      vertex -65.8698 -4.14417 5
      vertex -72.8559 -4.58371 5
      vertex -72.4244 -9.14933 5
    endloop
  endfacet
  facet normal 0 0 1
    outer loop
      vertex -66 0 5
      vertex -73 0 5
      vertex -72.8559 -4.58371 5
    endloop
  endfacet
  facet normal -0.562083 0.827081 0
    outer loop
      vertex -37.24 58.6808 -5
      vertex -40.8511 56.2267 -3
      vertex -37.24 58.6808 -3
    endloop
  endfacet
  facet normal -0.562083 0.827081 0
    outer loop
      vertex -40.8511 56.2267 -3
      vertex -37.24 58.6808 -5
      vertex -40.8511 56.2267 -5
    endloop
  endfacet
  facet normal -0.453999 0.891002 0
    outer loop
      vertex -29.5917 62.8855 -5
      vertex -33.4819 60.9033 -3
      vertex -29.5917 62.8855 -3
    endloop
  endfacet
  facet normal -0.453999 0.891002 0
    outer loop
      vertex -33.4819 60.9033 -3
      vertex -29.5917 62.8855 -5
      vertex -33.4819 60.9033 -5
    endloop
  endfacet
  facet normal -0.21816 0.975913 0
    outer loop
      vertex -13.023 68.269 -5
      vertex -17.2839 67.3165 -3
      vertex -13.023 68.269 -3
    endloop
  endfacet
  facet normal -0.21816 0.975913 0
    outer loop
      vertex -17.2839 67.3165 -3
      vertex -13.023 68.269 -5
      vertex -17.2839 67.3165 -5
    endloop
  endfacet
  facet normal -0.278987 0.960295 0
    outer loop
      vertex -17.2839 67.3165 -5
      vertex -21.4767 66.0984 -3
      vertex -17.2839 67.3165 -3
    endloop
  endfacet
  facet normal -0.278987 0.960295 0
    outer loop
      vertex -21.4767 66.0984 -3
      vertex -17.2839 67.3165 -5
      vertex -21.4767 66.0984 -5
    endloop
  endfacet
  facet normal -0.0314011 0.999507 0
    outer loop
      vertex 0 69.5 -5
      vertex -4.36394 69.3629 -3
      vertex 0 69.5 -3
    endloop
  endfacet
  facet normal -0.0314011 0.999507 0
    outer loop
      vertex -4.36394 69.3629 -3
      vertex 0 69.5 -5
      vertex -4.36394 69.3629 -5
    endloop
  endfacet
  facet normal 0.0314011 -0.999507 0
    outer loop
      vertex 0 -69.5 -5
      vertex 4.36394 -69.3629 -3
      vertex 0 -69.5 -3
    endloop
  endfacet
  facet normal 0.0314011 -0.999507 0
    outer loop
      vertex 4.36394 -69.3629 -3
      vertex 0 -69.5 -5
      vertex 4.36394 -69.3629 -5
    endloop
  endfacet
  facet normal 0.156433 -0.987689 0
    outer loop
      vertex 8.71066 -68.952 -5
      vertex 13.023 -68.269 -3
      vertex 8.71066 -68.952 -3
    endloop
  endfacet
  facet normal 0.156433 -0.987689 0
    outer loop
      vertex 13.023 -68.269 -3
      vertex 8.71066 -68.952 -5
      vertex 13.023 -68.269 -5
    endloop
  endfacet
  facet normal 0.338724 -0.940886 0
    outer loop
      vertex 21.4767 -66.0984 -5
      vertex 25.5847 -64.6195 -3
      vertex 21.4767 -66.0984 -3
    endloop
  endfacet
  facet normal 0.338724 -0.940886 0
    outer loop
      vertex 25.5847 -64.6195 -3
      vertex 21.4767 -66.0984 -5
      vertex 25.5847 -64.6195 -5
    endloop
  endfacet
  facet normal 0.397151 -0.917753 0
    outer loop
      vertex 25.5847 -64.6195 -5
      vertex 29.5917 -62.8855 -3
      vertex 25.5847 -64.6195 -3
    endloop
  endfacet
  facet normal 0.397151 -0.917753 0
    outer loop
      vertex 29.5917 -62.8855 -3
      vertex 25.5847 -64.6195 -5
      vertex 29.5917 -62.8855 -5
    endloop
  endfacet
  facet normal 0.707107 -0.707107 0
    outer loop
      vertex 47.576 -50.6633 -3
      vertex 50.6633 -47.576 -5
      vertex 50.6633 -47.576 -3
    endloop
  endfacet
  facet normal 0.707107 -0.707107 0
    outer loop
      vertex 50.6633 -47.576 -5
      vertex 47.576 -50.6633 -3
      vertex 47.576 -50.6633 -5
    endloop
  endfacet
  facet normal 0.509036 -0.860745 0
    outer loop
      vertex 33.4819 -60.9033 -5
      vertex 37.24 -58.6808 -3
      vertex 33.4819 -60.9033 -3
    endloop
  endfacet
  facet normal 0.509036 -0.860745 0
    outer loop
      vertex 37.24 -58.6808 -3
      vertex 33.4819 -60.9033 -5
      vertex 37.24 -58.6808 -5
    endloop
  endfacet
  facet normal 0.562083 -0.827081 0
    outer loop
      vertex 37.24 -58.6808 -5
      vertex 40.8511 -56.2267 -3
      vertex 37.24 -58.6808 -3
    endloop
  endfacet
  facet normal 0.562083 -0.827081 0
    outer loop
      vertex 40.8511 -56.2267 -3
      vertex 37.24 -58.6808 -5
      vertex 40.8511 -56.2267 -5
    endloop
  endfacet
  facet normal 0.7501 -0.661325 0
    outer loop
      vertex 50.6633 -47.576 -3
      vertex 53.5507 -44.301 -5
      vertex 53.5507 -44.301 -3
    endloop
  endfacet
  facet normal 0.7501 -0.661325 0
    outer loop
      vertex 53.5507 -44.301 -5
      vertex 50.6633 -47.576 -3
      vertex 50.6633 -47.576 -5
    endloop
  endfacet
  facet normal 0.827081 -0.562083 0
    outer loop
      vertex 56.2267 -40.8511 -3
      vertex 58.6808 -37.24 -5
      vertex 58.6808 -37.24 -3
    endloop
  endfacet
  facet normal 0.827081 -0.562083 0
    outer loop
      vertex 58.6808 -37.24 -5
      vertex 56.2267 -40.8511 -3
      vertex 56.2267 -40.8511 -5
    endloop
  endfacet
  facet normal 0.917753 -0.397151 0
    outer loop
      vertex 62.8855 -29.5917 -3
      vertex 64.6195 -25.5847 -5
      vertex 64.6195 -25.5847 -3
    endloop
  endfacet
  facet normal 0.917753 -0.397151 0
    outer loop
      vertex 64.6195 -25.5847 -5
      vertex 62.8855 -29.5917 -3
      vertex 62.8855 -29.5917 -5
    endloop
  endfacet
  facet normal 0.940886 -0.338724 0
    outer loop
      vertex 64.6195 -25.5847 -3
      vertex 66.0984 -21.4767 -5
      vertex 66.0984 -21.4767 -3
    endloop
  endfacet
  facet normal 0.940886 -0.338724 0
    outer loop
      vertex 66.0984 -21.4767 -5
      vertex 64.6195 -25.5847 -3
      vertex 64.6195 -25.5847 -5
    endloop
  endfacet
  facet normal 0.987689 -0.156433 0
    outer loop
      vertex 68.269 -13.023 -3
      vertex 68.952 -8.71066 -5
      vertex 68.952 -8.71066 -3
    endloop
  endfacet
  facet normal 0.987689 -0.156433 0
    outer loop
      vertex 68.952 -8.71066 -5
      vertex 68.269 -13.023 -3
      vertex 68.269 -13.023 -5
    endloop
  endfacet
  facet normal 0.960295 -0.278987 0
    outer loop
      vertex 66.0984 -21.4767 -3
      vertex 67.3165 -17.2839 -5
      vertex 67.3165 -17.2839 -3
    endloop
  endfacet
  facet normal 0.960295 -0.278987 0
    outer loop
      vertex 67.3165 -17.2839 -5
      vertex 66.0984 -21.4767 -3
      vertex 66.0984 -21.4767 -5
    endloop
  endfacet
  facet normal -0.707107 -0.707107 0
    outer loop
      vertex -47.576 -50.6633 -5
      vertex -50.6633 -47.576 -3
      vertex -50.6633 -47.576 -5
    endloop
  endfacet
  facet normal -0.707107 -0.707107 0
    outer loop
      vertex -50.6633 -47.576 -3
      vertex -47.576 -50.6633 -5
      vertex -47.576 -50.6633 -3
    endloop
  endfacet
  facet normal -0.661325 -0.7501 0
    outer loop
      vertex -47.576 -50.6633 -5
      vertex -44.301 -53.5507 -3
      vertex -47.576 -50.6633 -3
    endloop
  endfacet
  facet normal -0.661325 -0.7501 -0
    outer loop
      vertex -44.301 -53.5507 -3
      vertex -47.576 -50.6633 -5
      vertex -44.301 -53.5507 -5
    endloop
  endfacet
  facet normal -0.453999 -0.891002 0
    outer loop
      vertex -33.4819 -60.9033 -5
      vertex -29.5917 -62.8855 -3
      vertex -33.4819 -60.9033 -3
    endloop
  endfacet
  facet normal -0.453999 -0.891002 -0
    outer loop
      vertex -29.5917 -62.8855 -3
      vertex -33.4819 -60.9033 -5
      vertex -29.5917 -62.8855 -5
    endloop
  endfacet
  facet normal -0.562083 -0.827081 0
    outer loop
      vertex -40.8511 -56.2267 -5
      vertex -37.24 -58.6808 -3
      vertex -40.8511 -56.2267 -3
    endloop
  endfacet
  facet normal -0.562083 -0.827081 -0
    outer loop
      vertex -37.24 -58.6808 -3
      vertex -40.8511 -56.2267 -5
      vertex -37.24 -58.6808 -5
    endloop
  endfacet
  facet normal -0.21816 -0.975913 0
    outer loop
      vertex -17.2839 -67.3165 -5
      vertex -13.023 -68.269 -3
      vertex -17.2839 -67.3165 -3
    endloop
  endfacet
  facet normal -0.21816 -0.975913 -0
    outer loop
      vertex -13.023 -68.269 -3
      vertex -17.2839 -67.3165 -5
      vertex -13.023 -68.269 -5
    endloop
  endfacet
  facet normal -0.278987 -0.960295 0
    outer loop
      vertex -21.4767 -66.0984 -5
      vertex -17.2839 -67.3165 -3
      vertex -21.4767 -66.0984 -3
    endloop
  endfacet
  facet normal -0.278987 -0.960295 -0
    outer loop
      vertex -17.2839 -67.3165 -3
      vertex -21.4767 -66.0984 -5
      vertex -17.2839 -67.3165 -5
    endloop
  endfacet
  facet normal -0.0941115 -0.995562 0
    outer loop
      vertex -8.71066 -68.952 -5
      vertex -4.36394 -69.3629 -3
      vertex -8.71066 -68.952 -3
    endloop
  endfacet
  facet normal -0.0941115 -0.995562 -0
    outer loop
      vertex -4.36394 -69.3629 -3
      vertex -8.71066 -68.952 -5
      vertex -4.36394 -69.3629 -5
    endloop
  endfacet
  facet normal -0.790157 -0.612905 0
    outer loop
      vertex -53.5507 -44.301 -5
      vertex -56.2267 -40.8511 -3
      vertex -56.2267 -40.8511 -5
    endloop
  endfacet
  facet normal -0.790157 -0.612905 0
    outer loop
      vertex -56.2267 -40.8511 -3
      vertex -53.5507 -44.301 -5
      vertex -53.5507 -44.301 -3
    endloop
  endfacet
  facet normal -0.940886 -0.338724 0
    outer loop
      vertex -64.6195 -25.5847 -5
      vertex -66.0984 -21.4767 -3
      vertex -66.0984 -21.4767 -5
    endloop
  endfacet
  facet normal -0.940886 -0.338724 0
    outer loop
      vertex -66.0984 -21.4767 -3
      vertex -64.6195 -25.5847 -5
      vertex -64.6195 -25.5847 -3
    endloop
  endfacet
  facet normal -0.975913 -0.21816 0
    outer loop
      vertex -67.3165 -17.2839 -5
      vertex -68.269 -13.023 -3
      vertex -68.269 -13.023 -5
    endloop
  endfacet
  facet normal -0.975913 -0.21816 0
    outer loop
      vertex -68.269 -13.023 -3
      vertex -67.3165 -17.2839 -5
      vertex -67.3165 -17.2839 -3
    endloop
  endfacet
  facet normal -0.960295 -0.278987 0
    outer loop
      vertex -66.0984 -21.4767 -5
      vertex -67.3165 -17.2839 -3
      vertex -67.3165 -17.2839 -5
    endloop
  endfacet
  facet normal -0.960295 -0.278987 0
    outer loop
      vertex -67.3165 -17.2839 -3
      vertex -66.0984 -21.4767 -5
      vertex -66.0984 -21.4767 -3
    endloop
  endfacet
  facet normal -0.987689 -0.156433 0
    outer loop
      vertex -68.269 -13.023 -5
      vertex -68.952 -8.71066 -3
      vertex -68.952 -8.71066 -5
    endloop
  endfacet
  facet normal -0.987689 -0.156433 0
    outer loop
      vertex -68.952 -8.71066 -3
      vertex -68.269 -13.023 -5
      vertex -68.269 -13.023 -3
    endloop
  endfacet
  facet normal 0 0 -1
    outer loop
      vertex 66 0 -5
      vertex 69.5 0 -5
      vertex 69.3629 -4.36394 -5
    endloop
  endfacet
  facet normal 0 0 -1
    outer loop
      vertex 65.8698 -4.14417 -5
      vertex 69.3629 -4.36394 -5
      vertex 68.952 -8.71066 -5
    endloop
  endfacet
  facet normal 0 0 -1
    outer loop
      vertex 69.5 0 -5
      vertex 66 0 -5
      vertex 69.3629 4.36394 -5
    endloop
  endfacet
  facet normal 0 0 -1
    outer loop
      vertex 65.4796 -8.27199 -5
      vertex 68.952 -8.71066 -5
      vertex 68.269 -13.023 -5
    endloop
  endfacet
  facet normal 0 0 -1
    outer loop
      vertex 65.8698 4.14417 -5
      vertex 69.3629 4.36394 -5
      vertex 66 0 -5
    endloop
  endfacet
  facet normal 0 0 -1
    outer loop
      vertex 64.831 -12.3672 -5
      vertex 68.269 -13.023 -5
      vertex 67.3165 -17.2839 -5
    endloop
  endfacet
  facet normal -0 0 -1
    outer loop
      vertex 69.3629 4.36394 -5
      vertex 65.8698 4.14417 -5
      vertex 68.952 8.71066 -5
    endloop
  endfacet
  facet normal 0 0 -1
    outer loop
      vertex 63.9265 -16.4135 -5
      vertex 67.3165 -17.2839 -5
      vertex 66.0984 -21.4767 -5
    endloop
  endfacet
  facet normal 0 0 -1
    outer loop
      vertex 65.4796 8.27199 -5
      vertex 68.952 8.71066 -5
      vertex 65.8698 4.14417 -5
    endloop
  endfacet
  facet normal -0 0 -1
    outer loop
      vertex 68.952 8.71066 -5
      vertex 65.4796 8.27199 -5
      vertex 68.269 13.023 -5
    endloop
  endfacet
  facet normal 0 0 -1
    outer loop
      vertex 69.3629 -4.36394 -5
      vertex 65.8698 -4.14417 -5
      vertex 66 0 -5
    endloop
  endfacet
  facet normal 0 0 -1
    outer loop
      vertex 68.952 -8.71066 -5
      vertex 65.4796 -8.27199 -5
      vertex 65.8698 -4.14417 -5
    endloop
  endfacet
  facet normal 0 0 -1
    outer loop
      vertex 68.269 -13.023 -5
      vertex 64.831 -12.3672 -5
      vertex 65.4796 -8.27199 -5
    endloop
  endfacet
  facet normal 0 0 -1
    outer loop
      vertex 62.7697 -20.3951 -5
      vertex 66.0984 -21.4767 -5
      vertex 64.6195 -25.5847 -5
    endloop
  endfacet
  facet normal 0 0 -1
    outer loop
      vertex 67.3165 -17.2839 -5
      vertex 63.9265 -16.4135 -5
      vertex 64.831 -12.3672 -5
    endloop
  endfacet
  facet normal 0 0 -1
    outer loop
      vertex 61.3652 -24.2962 -5
      vertex 64.6195 -25.5847 -5
      vertex 62.8855 -29.5917 -5
    endloop
  endfacet
  facet normal 0 0 -1
    outer loop
      vertex 66.0984 -21.4767 -5
      vertex 62.7697 -20.3951 -5
      vertex 63.9265 -16.4135 -5
    endloop
  endfacet
  facet normal 0 0 -1
    outer loop
      vertex 64.6195 -25.5847 -5
      vertex 61.3652 -24.2962 -5
      vertex 62.7697 -20.3951 -5
    endloop
  endfacet
  facet normal 0 0 -1
    outer loop
      vertex 59.7186 -28.1014 -5
      vertex 62.8855 -29.5917 -5
      vertex 60.9033 -33.4819 -5
    endloop
  endfacet
  facet normal 0 0 -1
    outer loop
      vertex 62.8855 -29.5917 -5
      vertex 59.7186 -28.1014 -5
      vertex 61.3652 -24.2962 -5
    endloop
  endfacet
  facet normal 0 0 -1
    outer loop
      vertex 57.8362 -31.7957 -5
      vertex 60.9033 -33.4819 -5
      vertex 58.6808 -37.24 -5
    endloop
  endfacet
  facet normal 0 0 -1
    outer loop
      vertex 60.9033 -33.4819 -5
      vertex 57.8362 -31.7957 -5
      vertex 59.7186 -28.1014 -5
    endloop
  endfacet
  facet normal 0 0 -1
    outer loop
      vertex 55.7256 -35.3646 -5
      vertex 58.6808 -37.24 -5
      vertex 56.2267 -40.8511 -5
    endloop
  endfacet
  facet normal 0 0 -1
    outer loop
      vertex 58.6808 -37.24 -5
      vertex 55.7256 -35.3646 -5
      vertex 57.8362 -31.7957 -5
    endloop
  endfacet
  facet normal 0 0 -1
    outer loop
      vertex 53.3951 -38.7938 -5
      vertex 56.2267 -40.8511 -5
      vertex 53.5507 -44.301 -5
    endloop
  endfacet
  facet normal 0 0 -1
    outer loop
      vertex 56.2267 -40.8511 -5
      vertex 53.3951 -38.7938 -5
      vertex 55.7256 -35.3646 -5
    endloop
  endfacet
  facet normal 0 0 -1
    outer loop
      vertex 53.5507 -44.301 -5
      vertex 50.8539 -42.07 -5
      vertex 53.3951 -38.7938 -5
    endloop
  endfacet
  facet normal 0 0 -1
    outer loop
      vertex 50.6633 -47.576 -5
      vertex 50.8539 -42.07 -5
      vertex 53.5507 -44.301 -5
    endloop
  endfacet
  facet normal 0 0 -1
    outer loop
      vertex 50.6633 -47.576 -5
      vertex 48.1119 -45.1801 -5
      vertex 50.8539 -42.07 -5
    endloop
  endfacet
  facet normal 0 0 -1
    outer loop
      vertex 47.576 -50.6633 -5
      vertex 48.1119 -45.1801 -5
      vertex 50.6633 -47.576 -5
    endloop
  endfacet
  facet normal 0 0 -1
    outer loop
      vertex 47.576 -50.6633 -5
      vertex 45.1801 -48.1119 -5
      vertex 48.1119 -45.1801 -5
    endloop
  endfacet
  facet normal 0 0 -1
    outer loop
      vertex 44.301 -53.5507 -5
      vertex 45.1801 -48.1119 -5
      vertex 47.576 -50.6633 -5
    endloop
  endfacet
  facet normal 0 0 -1
    outer loop
      vertex 44.301 -53.5507 -5
      vertex 42.07 -50.8539 -5
      vertex 45.1801 -48.1119 -5
    endloop
  endfacet
  facet normal 0 0 -1
    outer loop
      vertex 40.8511 -56.2267 -5
      vertex 42.07 -50.8539 -5
      vertex 44.301 -53.5507 -5
    endloop
  endfacet
  facet normal 0 0 -1
    outer loop
      vertex 40.8511 -56.2267 -5
      vertex 38.7938 -53.3951 -5
      vertex 42.07 -50.8539 -5
    endloop
  endfacet
  facet normal 0 0 -1
    outer loop
      vertex 37.24 -58.6808 -5
      vertex 38.7938 -53.3951 -5
      vertex 40.8511 -56.2267 -5
    endloop
  endfacet
  facet normal 0 0 -1
    outer loop
      vertex 37.24 -58.6808 -5
      vertex 35.3646 -55.7256 -5
      vertex 38.7938 -53.3951 -5
    endloop
  endfacet
  facet normal 0 0 -1
    outer loop
      vertex 33.4819 -60.9033 -5
      vertex 35.3646 -55.7256 -5
      vertex 37.24 -58.6808 -5
    endloop
  endfacet
  facet normal 0 0 -1
    outer loop
      vertex 33.4819 -60.9033 -5
      vertex 31.7957 -57.8362 -5
      vertex 35.3646 -55.7256 -5
    endloop
  endfacet
  facet normal 0 0 -1
    outer loop
      vertex 29.5917 -62.8855 -5
      vertex 31.7957 -57.8362 -5
      vertex 33.4819 -60.9033 -5
    endloop
  endfacet
  facet normal 0 0 -1
    outer loop
      vertex 29.5917 -62.8855 -5
      vertex 28.1014 -59.7186 -5
      vertex 31.7957 -57.8362 -5
    endloop
  endfacet
  facet normal 0 0 -1
    outer loop
      vertex 25.5847 -64.6195 -5
      vertex 28.1014 -59.7186 -5
      vertex 29.5917 -62.8855 -5
    endloop
  endfacet
  facet normal 0 0 -1
    outer loop
      vertex 25.5847 -64.6195 -5
      vertex 24.2962 -61.3652 -5
      vertex 28.1014 -59.7186 -5
    endloop
  endfacet
  facet normal 0 0 -1
    outer loop
      vertex 21.4767 -66.0984 -5
      vertex 24.2962 -61.3652 -5
      vertex 25.5847 -64.6195 -5
    endloop
  endfacet
  facet normal 0 0 -1
    outer loop
      vertex 21.4767 -66.0984 -5
      vertex 20.3951 -62.7697 -5
      vertex 24.2962 -61.3652 -5
    endloop
  endfacet
  facet normal 0 0 -1
    outer loop
      vertex 17.2839 -67.3165 -5
      vertex 20.3951 -62.7697 -5
      vertex 21.4767 -66.0984 -5
    endloop
  endfacet
  facet normal 0 0 -1
    outer loop
      vertex 17.2839 -67.3165 -5
      vertex 16.4135 -63.9265 -5
      vertex 20.3951 -62.7697 -5
    endloop
  endfacet
  facet normal 0 0 -1
    outer loop
      vertex 13.023 -68.269 -5
      vertex 16.4135 -63.9265 -5
      vertex 17.2839 -67.3165 -5
    endloop
  endfacet
  facet normal 0 0 -1
    outer loop
      vertex 13.023 -68.269 -5
      vertex 12.3672 -64.831 -5
      vertex 16.4135 -63.9265 -5
    endloop
  endfacet
  facet normal 0 0 -1
    outer loop
      vertex 8.71066 -68.952 -5
      vertex 12.3672 -64.831 -5
      vertex 13.023 -68.269 -5
    endloop
  endfacet
  facet normal 0 0 -1
    outer loop
      vertex 8.71066 -68.952 -5
      vertex 8.27199 -65.4796 -5
      vertex 12.3672 -64.831 -5
    endloop
  endfacet
  facet normal 0 0 -1
    outer loop
      vertex 4.36394 -69.3629 -5
      vertex 8.27199 -65.4796 -5
      vertex 8.71066 -68.952 -5
    endloop
  endfacet
  facet normal 0 0 -1
    outer loop
      vertex 4.36394 -69.3629 -5
      vertex 4.14417 -65.8698 -5
      vertex 8.27199 -65.4796 -5
    endloop
  endfacet
  facet normal 0 0 -1
    outer loop
      vertex 0 -69.5 -5
      vertex 4.14417 -65.8698 -5
      vertex 4.36394 -69.3629 -5
    endloop
  endfacet
  facet normal 0 0 -1
    outer loop
      vertex 0 -69.5 -5
      vertex 0 -66 -5
      vertex 4.14417 -65.8698 -5
    endloop
  endfacet
  facet normal 0 0 -1
    outer loop
      vertex 0 -69.5 -5
      vertex -4.14417 -65.8698 -5
      vertex 0 -66 -5
    endloop
  endfacet
  facet normal 0 0 -1
    outer loop
      vertex -4.36394 -69.3629 -5
      vertex -4.14417 -65.8698 -5
      vertex 0 -69.5 -5
    endloop
  endfacet
  facet normal 0 0 -1
    outer loop
      vertex -4.36394 -69.3629 -5
      vertex -8.27199 -65.4796 -5
      vertex -4.14417 -65.8698 -5
    endloop
  endfacet
  facet normal 0 0 -1
    outer loop
      vertex -8.71066 -68.952 -5
      vertex -8.27199 -65.4796 -5
      vertex -4.36394 -69.3629 -5
    endloop
  endfacet
  facet normal 0 0 -1
    outer loop
      vertex -8.71066 -68.952 -5
      vertex -12.3672 -64.831 -5
      vertex -8.27199 -65.4796 -5
    endloop
  endfacet
  facet normal 0 0 -1
    outer loop
      vertex -13.023 -68.269 -5
      vertex -12.3672 -64.831 -5
      vertex -8.71066 -68.952 -5
    endloop
  endfacet
  facet normal 0 0 -1
    outer loop
      vertex -13.023 -68.269 -5
      vertex -16.4135 -63.9265 -5
      vertex -12.3672 -64.831 -5
    endloop
  endfacet
  facet normal 0 0 -1
    outer loop
      vertex -17.2839 -67.3165 -5
      vertex -16.4135 -63.9265 -5
      vertex -13.023 -68.269 -5
    endloop
  endfacet
  facet normal 0 0 -1
    outer loop
      vertex -17.2839 -67.3165 -5
      vertex -20.3951 -62.7697 -5
      vertex -16.4135 -63.9265 -5
    endloop
  endfacet
  facet normal 0 0 -1
    outer loop
      vertex -21.4767 -66.0984 -5
      vertex -20.3951 -62.7697 -5
      vertex -17.2839 -67.3165 -5
    endloop
  endfacet
  facet normal 0 0 -1
    outer loop
      vertex -21.4767 -66.0984 -5
      vertex -24.2962 -61.3652 -5
      vertex -20.3951 -62.7697 -5
    endloop
  endfacet
  facet normal 0 0 -1
    outer loop
      vertex -25.5847 -64.6195 -5
      vertex -24.2962 -61.3652 -5
      vertex -21.4767 -66.0984 -5
    endloop
  endfacet
  facet normal 0 0 -1
    outer loop
      vertex -25.5847 -64.6195 -5
      vertex -28.1014 -59.7186 -5
      vertex -24.2962 -61.3652 -5
    endloop
  endfacet
  facet normal 0 0 -1
    outer loop
      vertex -29.5917 -62.8855 -5
      vertex -28.1014 -59.7186 -5
      vertex -25.5847 -64.6195 -5
    endloop
  endfacet
  facet normal 0 0 -1
    outer loop
      vertex -29.5917 -62.8855 -5
      vertex -31.7957 -57.8362 -5
      vertex -28.1014 -59.7186 -5
    endloop
  endfacet
  facet normal 0 0 -1
    outer loop
      vertex -33.4819 -60.9033 -5
      vertex -31.7957 -57.8362 -5
      vertex -29.5917 -62.8855 -5
    endloop
  endfacet
  facet normal 0 0 -1
    outer loop
      vertex -33.4819 -60.9033 -5
      vertex -35.3646 -55.7256 -5
      vertex -31.7957 -57.8362 -5
    endloop
  endfacet
  facet normal 0 0 -1
    outer loop
      vertex -37.24 -58.6808 -5
      vertex -35.3646 -55.7256 -5
      vertex -33.4819 -60.9033 -5
    endloop
  endfacet
  facet normal 0 0 -1
    outer loop
      vertex -37.24 -58.6808 -5
      vertex -38.7938 -53.3951 -5
      vertex -35.3646 -55.7256 -5
    endloop
  endfacet
  facet normal 0 0 -1
    outer loop
      vertex -40.8511 -56.2267 -5
      vertex -38.7938 -53.3951 -5
      vertex -37.24 -58.6808 -5
    endloop
  endfacet
  facet normal 0 0 -1
    outer loop
      vertex -40.8511 -56.2267 -5
      vertex -42.07 -50.8539 -5
      vertex -38.7938 -53.3951 -5
    endloop
  endfacet
  facet normal 0 0 -1
    outer loop
      vertex -44.301 -53.5507 -5
      vertex -42.07 -50.8539 -5
      vertex -40.8511 -56.2267 -5
    endloop
  endfacet
  facet normal 0 0 -1
    outer loop
      vertex -44.301 -53.5507 -5
      vertex -45.1801 -48.1119 -5
      vertex -42.07 -50.8539 -5
    endloop
  endfacet
  facet normal 0 0 -1
    outer loop
      vertex -47.576 -50.6633 -5
      vertex -45.1801 -48.1119 -5
      vertex -44.301 -53.5507 -5
    endloop
  endfacet
  facet normal 0 0 -1
    outer loop
      vertex -47.576 -50.6633 -5
      vertex -48.1119 -45.1801 -5
      vertex -45.1801 -48.1119 -5
    endloop
  endfacet
  facet normal 0 0 -1
    outer loop
      vertex -50.6633 -47.576 -5
      vertex -48.1119 -45.1801 -5
      vertex -47.576 -50.6633 -5
    endloop
  endfacet
  facet normal 0 0 -1
    outer loop
      vertex -50.6633 -47.576 -5
      vertex -50.8539 -42.07 -5
      vertex -48.1119 -45.1801 -5
    endloop
  endfacet
  facet normal 0 0 -1
    outer loop
      vertex -53.5507 -44.301 -5
      vertex -50.8539 -42.07 -5
      vertex -50.6633 -47.576 -5
    endloop
  endfacet
  facet normal -0 0 -1
    outer loop
      vertex -50.8539 -42.07 -5
      vertex -53.5507 -44.301 -5
      vertex -53.3951 -38.7938 -5
    endloop
  endfacet
  facet normal 0 0 -1
    outer loop
      vertex -56.2267 -40.8511 -5
      vertex -53.3951 -38.7938 -5
      vertex -53.5507 -44.301 -5
    endloop
  endfacet
  facet normal -0 0 -1
    outer loop
      vertex -53.3951 -38.7938 -5
      vertex -56.2267 -40.8511 -5
      vertex -55.7256 -35.3646 -5
    endloop
  endfacet
  facet normal 0 0 -1
    outer loop
      vertex -58.6808 -37.24 -5
      vertex -55.7256 -35.3646 -5
      vertex -56.2267 -40.8511 -5
    endloop
  endfacet
  facet normal -0 0 -1
    outer loop
      vertex -55.7256 -35.3646 -5
      vertex -58.6808 -37.24 -5
      vertex -57.8362 -31.7957 -5
    endloop
  endfacet
  facet normal 0 0 -1
    outer loop
      vertex -60.9033 -33.4819 -5
      vertex -57.8362 -31.7957 -5
      vertex -58.6808 -37.24 -5
    endloop
  endfacet
  facet normal -0 0 -1
    outer loop
      vertex -57.8362 -31.7957 -5
      vertex -60.9033 -33.4819 -5
      vertex -59.7186 -28.1014 -5
    endloop
  endfacet
  facet normal 0 0 -1
    outer loop
      vertex -62.8855 -29.5917 -5
      vertex -59.7186 -28.1014 -5
      vertex -60.9033 -33.4819 -5
    endloop
  endfacet
  facet normal -0 0 -1
    outer loop
      vertex -59.7186 -28.1014 -5
      vertex -62.8855 -29.5917 -5
      vertex -61.3652 -24.2962 -5
    endloop
  endfacet
  facet normal 0 0 -1
    outer loop
      vertex -64.6195 -25.5847 -5
      vertex -61.3652 -24.2962 -5
      vertex -62.8855 -29.5917 -5
    endloop
  endfacet
  facet normal -0 0 -1
    outer loop
      vertex -61.3652 -24.2962 -5
      vertex -64.6195 -25.5847 -5
      vertex -62.7697 -20.3951 -5
    endloop
  endfacet
  facet normal 0 0 -1
    outer loop
      vertex -66.0984 -21.4767 -5
      vertex -62.7697 -20.3951 -5
      vertex -64.6195 -25.5847 -5
    endloop
  endfacet
  facet normal -0 0 -1
    outer loop
      vertex -62.7697 -20.3951 -5
      vertex -66.0984 -21.4767 -5
      vertex -63.9265 -16.4135 -5
    endloop
  endfacet
  facet normal 0 0 -1
    outer loop
      vertex -67.3165 -17.2839 -5
      vertex -63.9265 -16.4135 -5
      vertex -66.0984 -21.4767 -5
    endloop
  endfacet
  facet normal -0 0 -1
    outer loop
      vertex -63.9265 -16.4135 -5
      vertex -67.3165 -17.2839 -5
      vertex -64.831 -12.3672 -5
    endloop
  endfacet
  facet normal -0 0 -1
    outer loop
      vertex -64.831 -12.3672 -5
      vertex -68.269 -13.023 -5
      vertex -65.4796 -8.27199 -5
    endloop
  endfacet
  facet normal 0 0 -1
    outer loop
      vertex -68.269 -13.023 -5
      vertex -64.831 -12.3672 -5
      vertex -67.3165 -17.2839 -5
    endloop
  endfacet
  facet normal 0 0 -1
    outer loop
      vertex 64.831 12.3672 -5
      vertex 68.269 13.023 -5
      vertex 65.4796 8.27199 -5
    endloop
  endfacet
  facet normal -0 0 -1
    outer loop
      vertex 68.269 13.023 -5
      vertex 64.831 12.3672 -5
      vertex 67.3165 17.2839 -5
    endloop
  endfacet
  facet normal 0 0 -1
    outer loop
      vertex 63.9265 16.4135 -5
      vertex 67.3165 17.2839 -5
      vertex 64.831 12.3672 -5
    endloop
  endfacet
  facet normal -0 0 -1
    outer loop
      vertex 67.3165 17.2839 -5
      vertex 63.9265 16.4135 -5
      vertex 66.0984 21.4767 -5
    endloop
  endfacet
  facet normal 0 0 -1
    outer loop
      vertex 62.7697 20.3951 -5
      vertex 66.0984 21.4767 -5
      vertex 63.9265 16.4135 -5
    endloop
  endfacet
  facet normal -0 0 -1
    outer loop
      vertex 66.0984 21.4767 -5
      vertex 62.7697 20.3951 -5
      vertex 64.6195 25.5847 -5
    endloop
  endfacet
  facet normal 0 0 -1
    outer loop
      vertex 61.3652 24.2962 -5
      vertex 64.6195 25.5847 -5
      vertex 62.7697 20.3951 -5
    endloop
  endfacet
  facet normal -0 0 -1
    outer loop
      vertex 64.6195 25.5847 -5
      vertex 61.3652 24.2962 -5
      vertex 62.8855 29.5917 -5
    endloop
  endfacet
  facet normal 0 0 -1
    outer loop
      vertex 59.7186 28.1014 -5
      vertex 62.8855 29.5917 -5
      vertex 61.3652 24.2962 -5
    endloop
  endfacet
  facet normal -0 0 -1
    outer loop
      vertex 62.8855 29.5917 -5
      vertex 59.7186 28.1014 -5
      vertex 60.9033 33.4819 -5
    endloop
  endfacet
  facet normal 0 0 -1
    outer loop
      vertex 57.8362 31.7957 -5
      vertex 60.9033 33.4819 -5
      vertex 59.7186 28.1014 -5
    endloop
  endfacet
  facet normal -0 0 -1
    outer loop
      vertex 60.9033 33.4819 -5
      vertex 57.8362 31.7957 -5
      vertex 58.6808 37.24 -5
    endloop
  endfacet
  facet normal 0 0 -1
    outer loop
      vertex 55.7256 35.3646 -5
      vertex 58.6808 37.24 -5
      vertex 57.8362 31.7957 -5
    endloop
  endfacet
  facet normal -0 0 -1
    outer loop
      vertex 58.6808 37.24 -5
      vertex 55.7256 35.3646 -5
      vertex 56.2267 40.8511 -5
    endloop
  endfacet
  facet normal 0 0 -1
    outer loop
      vertex 53.3951 38.7938 -5
      vertex 56.2267 40.8511 -5
      vertex 55.7256 35.3646 -5
    endloop
  endfacet
  facet normal -0 0 -1
    outer loop
      vertex 56.2267 40.8511 -5
      vertex 53.3951 38.7938 -5
      vertex 53.5507 44.301 -5
    endloop
  endfacet
  facet normal 0 0 -1
    outer loop
      vertex 50.8539 42.07 -5
      vertex 53.5507 44.301 -5
      vertex 53.3951 38.7938 -5
    endloop
  endfacet
  facet normal 0 0 -1
    outer loop
      vertex 50.8539 42.07 -5
      vertex 50.6633 47.576 -5
      vertex 53.5507 44.301 -5
    endloop
  endfacet
  facet normal 0 0 -1
    outer loop
      vertex 48.1119 45.1801 -5
      vertex 50.6633 47.576 -5
      vertex 50.8539 42.07 -5
    endloop
  endfacet
  facet normal 0 0 -1
    outer loop
      vertex 48.1119 45.1801 -5
      vertex 47.576 50.6633 -5
      vertex 50.6633 47.576 -5
    endloop
  endfacet
  facet normal 0 0 -1
    outer loop
      vertex 45.1801 48.1119 -5
      vertex 47.576 50.6633 -5
      vertex 48.1119 45.1801 -5
    endloop
  endfacet
  facet normal 0 0 -1
    outer loop
      vertex 45.1801 48.1119 -5
      vertex 44.301 53.5507 -5
      vertex 47.576 50.6633 -5
    endloop
  endfacet
  facet normal 0 0 -1
    outer loop
      vertex 42.07 50.8539 -5
      vertex 44.301 53.5507 -5
      vertex 45.1801 48.1119 -5
    endloop
  endfacet
  facet normal 0 0 -1
    outer loop
      vertex 42.07 50.8539 -5
      vertex 40.8511 56.2267 -5
      vertex 44.301 53.5507 -5
    endloop
  endfacet
  facet normal 0 0 -1
    outer loop
      vertex 38.7938 53.3951 -5
      vertex 40.8511 56.2267 -5
      vertex 42.07 50.8539 -5
    endloop
  endfacet
  facet normal 0 0 -1
    outer loop
      vertex 38.7938 53.3951 -5
      vertex 37.24 58.6808 -5
      vertex 40.8511 56.2267 -5
    endloop
  endfacet
  facet normal 0 0 -1
    outer loop
      vertex 35.3646 55.7256 -5
      vertex 37.24 58.6808 -5
      vertex 38.7938 53.3951 -5
    endloop
  endfacet
  facet normal 0 0 -1
    outer loop
      vertex 35.3646 55.7256 -5
      vertex 33.4819 60.9033 -5
      vertex 37.24 58.6808 -5
    endloop
  endfacet
  facet normal 0 0 -1
    outer loop
      vertex 31.7957 57.8362 -5
      vertex 33.4819 60.9033 -5
      vertex 35.3646 55.7256 -5
    endloop
  endfacet
  facet normal 0 0 -1
    outer loop
      vertex 31.7957 57.8362 -5
      vertex 29.5917 62.8855 -5
      vertex 33.4819 60.9033 -5
    endloop
  endfacet
  facet normal 0 0 -1
    outer loop
      vertex 28.1014 59.7186 -5
      vertex 29.5917 62.8855 -5
      vertex 31.7957 57.8362 -5
    endloop
  endfacet
  facet normal 0 0 -1
    outer loop
      vertex 28.1014 59.7186 -5
      vertex 25.5847 64.6195 -5
      vertex 29.5917 62.8855 -5
    endloop
  endfacet
  facet normal 0 0 -1
    outer loop
      vertex 24.2962 61.3652 -5
      vertex 25.5847 64.6195 -5
      vertex 28.1014 59.7186 -5
    endloop
  endfacet
  facet normal 0 0 -1
    outer loop
      vertex 24.2962 61.3652 -5
      vertex 21.4767 66.0984 -5
      vertex 25.5847 64.6195 -5
    endloop
  endfacet
  facet normal 0 0 -1
    outer loop
      vertex 20.3951 62.7697 -5
      vertex 21.4767 66.0984 -5
      vertex 24.2962 61.3652 -5
    endloop
  endfacet
  facet normal 0 0 -1
    outer loop
      vertex 20.3951 62.7697 -5
      vertex 17.2839 67.3165 -5
      vertex 21.4767 66.0984 -5
    endloop
  endfacet
  facet normal 0 0 -1
    outer loop
      vertex 16.4135 63.9265 -5
      vertex 17.2839 67.3165 -5
      vertex 20.3951 62.7697 -5
    endloop
  endfacet
  facet normal 0 0 -1
    outer loop
      vertex 16.4135 63.9265 -5
      vertex 13.023 68.269 -5
      vertex 17.2839 67.3165 -5
    endloop
  endfacet
  facet normal 0 0 -1
    outer loop
      vertex 12.3672 64.831 -5
      vertex 13.023 68.269 -5
      vertex 16.4135 63.9265 -5
    endloop
  endfacet
  facet normal 0 0 -1
    outer loop
      vertex 12.3672 64.831 -5
      vertex 8.71066 68.952 -5
      vertex 13.023 68.269 -5
    endloop
  endfacet
  facet normal 0 0 -1
    outer loop
      vertex 8.27199 65.4796 -5
      vertex 8.71066 68.952 -5
      vertex 12.3672 64.831 -5
    endloop
  endfacet
  facet normal 0 0 -1
    outer loop
      vertex 8.27199 65.4796 -5
      vertex 4.36394 69.3629 -5
      vertex 8.71066 68.952 -5
    endloop
  endfacet
  facet normal 0 0 -1
    outer loop
      vertex 4.14417 65.8698 -5
      vertex 4.36394 69.3629 -5
      vertex 8.27199 65.4796 -5
    endloop
  endfacet
  facet normal 0 0 -1
    outer loop
      vertex 0 66 -5
      vertex 4.36394 69.3629 -5
      vertex 4.14417 65.8698 -5
    endloop
  endfacet
  facet normal 0 0 -1
    outer loop
      vertex 0 66 -5
      vertex 0 69.5 -5
      vertex 4.36394 69.3629 -5
    endloop
  endfacet
  facet normal 0 0 -1
    outer loop
      vertex -4.14417 65.8698 -5
      vertex 0 69.5 -5
      vertex 0 66 -5
    endloop
  endfacet
  facet normal 0 0 -1
    outer loop
      vertex -4.14417 65.8698 -5
      vertex -4.36394 69.3629 -5
      vertex 0 69.5 -5
    endloop
  endfacet
  facet normal 0 0 -1
    outer loop
      vertex -8.27199 65.4796 -5
      vertex -4.36394 69.3629 -5
      vertex -4.14417 65.8698 -5
    endloop
  endfacet
  facet normal 0 0 -1
    outer loop
      vertex -8.27199 65.4796 -5
      vertex -8.71066 68.952 -5
      vertex -4.36394 69.3629 -5
    endloop
  endfacet
  facet normal 0 0 -1
    outer loop
      vertex -12.3672 64.831 -5
      vertex -8.71066 68.952 -5
      vertex -8.27199 65.4796 -5
    endloop
  endfacet
  facet normal 0 0 -1
    outer loop
      vertex -12.3672 64.831 -5
      vertex -13.023 68.269 -5
      vertex -8.71066 68.952 -5
    endloop
  endfacet
  facet normal 0 0 -1
    outer loop
      vertex -16.4135 63.9265 -5
      vertex -13.023 68.269 -5
      vertex -12.3672 64.831 -5
    endloop
  endfacet
  facet normal 0 0 -1
    outer loop
      vertex -16.4135 63.9265 -5
      vertex -17.2839 67.3165 -5
      vertex -13.023 68.269 -5
    endloop
  endfacet
  facet normal 0 0 -1
    outer loop
      vertex -20.3951 62.7697 -5
      vertex -17.2839 67.3165 -5
      vertex -16.4135 63.9265 -5
    endloop
  endfacet
  facet normal 0 0 -1
    outer loop
      vertex -20.3951 62.7697 -5
      vertex -21.4767 66.0984 -5
      vertex -17.2839 67.3165 -5
    endloop
  endfacet
  facet normal 0 0 -1
    outer loop
      vertex -24.2962 61.3652 -5
      vertex -21.4767 66.0984 -5
      vertex -20.3951 62.7697 -5
    endloop
  endfacet
  facet normal 0 0 -1
    outer loop
      vertex -24.2962 61.3652 -5
      vertex -25.5847 64.6195 -5
      vertex -21.4767 66.0984 -5
    endloop
  endfacet
  facet normal 0 0 -1
    outer loop
      vertex -28.1014 59.7186 -5
      vertex -25.5847 64.6195 -5
      vertex -24.2962 61.3652 -5
    endloop
  endfacet
  facet normal 0 0 -1
    outer loop
      vertex -28.1014 59.7186 -5
      vertex -29.5917 62.8855 -5
      vertex -25.5847 64.6195 -5
    endloop
  endfacet
  facet normal 0 0 -1
    outer loop
      vertex -31.7957 57.8362 -5
      vertex -29.5917 62.8855 -5
      vertex -28.1014 59.7186 -5
    endloop
  endfacet
  facet normal 0 0 -1
    outer loop
      vertex -31.7957 57.8362 -5
      vertex -33.4819 60.9033 -5
      vertex -29.5917 62.8855 -5
    endloop
  endfacet
  facet normal 0 0 -1
    outer loop
      vertex -35.3646 55.7256 -5
      vertex -33.4819 60.9033 -5
      vertex -31.7957 57.8362 -5
    endloop
  endfacet
  facet normal 0 0 -1
    outer loop
      vertex -35.3646 55.7256 -5
      vertex -37.24 58.6808 -5
      vertex -33.4819 60.9033 -5
    endloop
  endfacet
  facet normal 0 0 -1
    outer loop
      vertex -38.7938 53.3951 -5
      vertex -37.24 58.6808 -5
      vertex -35.3646 55.7256 -5
    endloop
  endfacet
  facet normal 0 0 -1
    outer loop
      vertex -38.7938 53.3951 -5
      vertex -40.8511 56.2267 -5
      vertex -37.24 58.6808 -5
    endloop
  endfacet
  facet normal 0 0 -1
    outer loop
      vertex -42.07 50.8539 -5
      vertex -40.8511 56.2267 -5
      vertex -38.7938 53.3951 -5
    endloop
  endfacet
  facet normal 0 0 -1
    outer loop
      vertex -42.07 50.8539 -5
      vertex -44.301 53.5507 -5
      vertex -40.8511 56.2267 -5
    endloop
  endfacet
  facet normal 0 0 -1
    outer loop
      vertex -45.1801 48.1119 -5
      vertex -44.301 53.5507 -5
      vertex -42.07 50.8539 -5
    endloop
  endfacet
  facet normal 0 0 -1
    outer loop
      vertex -45.1801 48.1119 -5
      vertex -47.576 50.6633 -5
      vertex -44.301 53.5507 -5
    endloop
  endfacet
  facet normal 0 0 -1
    outer loop
      vertex -48.1119 45.1801 -5
      vertex -47.576 50.6633 -5
      vertex -45.1801 48.1119 -5
    endloop
  endfacet
  facet normal 0 0 -1
    outer loop
      vertex -48.1119 45.1801 -5
      vertex -50.6633 47.576 -5
      vertex -47.576 50.6633 -5
    endloop
  endfacet
  facet normal 0 0 -1
    outer loop
      vertex -50.8539 42.07 -5
      vertex -50.6633 47.576 -5
      vertex -48.1119 45.1801 -5
    endloop
  endfacet
  facet normal 0 0 -1
    outer loop
      vertex -53.5507 44.301 -5
      vertex -50.8539 42.07 -5
      vertex -53.3951 38.7938 -5
    endloop
  endfacet
  facet normal 0 0 -1
    outer loop
      vertex -50.8539 42.07 -5
      vertex -53.5507 44.301 -5
      vertex -50.6633 47.576 -5
    endloop
  endfacet
  facet normal 0 0 -1
    outer loop
      vertex -56.2267 40.8511 -5
      vertex -53.3951 38.7938 -5
      vertex -55.7256 35.3646 -5
    endloop
  endfacet
  facet normal 0 0 -1
    outer loop
      vertex -53.3951 38.7938 -5
      vertex -56.2267 40.8511 -5
      vertex -53.5507 44.301 -5
    endloop
  endfacet
  facet normal 0 0 -1
    outer loop
      vertex -58.6808 37.24 -5
      vertex -55.7256 35.3646 -5
      vertex -57.8362 31.7957 -5
    endloop
  endfacet
  facet normal 0 0 -1
    outer loop
      vertex -55.7256 35.3646 -5
      vertex -58.6808 37.24 -5
      vertex -56.2267 40.8511 -5
    endloop
  endfacet
  facet normal 0 0 -1
    outer loop
      vertex -60.9033 33.4819 -5
      vertex -57.8362 31.7957 -5
      vertex -59.7186 28.1014 -5
    endloop
  endfacet
  facet normal 0 0 -1
    outer loop
      vertex -57.8362 31.7957 -5
      vertex -60.9033 33.4819 -5
      vertex -58.6808 37.24 -5
    endloop
  endfacet
  facet normal 0 0 -1
    outer loop
      vertex -62.8855 29.5917 -5
      vertex -59.7186 28.1014 -5
      vertex -61.3652 24.2962 -5
    endloop
  endfacet
  facet normal 0 0 -1
    outer loop
      vertex -64.6195 25.5847 -5
      vertex -61.3652 24.2962 -5
      vertex -62.7697 20.3951 -5
    endloop
  endfacet
  facet normal 0 0 -1
    outer loop
      vertex -59.7186 28.1014 -5
      vertex -62.8855 29.5917 -5
      vertex -60.9033 33.4819 -5
    endloop
  endfacet
  facet normal 0 0 -1
    outer loop
      vertex -66.0984 21.4767 -5
      vertex -62.7697 20.3951 -5
      vertex -63.9265 16.4135 -5
    endloop
  endfacet
  facet normal 0 0 -1
    outer loop
      vertex -61.3652 24.2962 -5
      vertex -64.6195 25.5847 -5
      vertex -62.8855 29.5917 -5
    endloop
  endfacet
  facet normal 0 0 -1
    outer loop
      vertex -67.3165 17.2839 -5
      vertex -63.9265 16.4135 -5
      vertex -64.831 12.3672 -5
    endloop
  endfacet
  facet normal 0 0 -1
    outer loop
      vertex -68.269 13.023 -5
      vertex -64.831 12.3672 -5
      vertex -65.4796 8.27199 -5
    endloop
  endfacet
  facet normal 0 0 -1
    outer loop
      vertex -68.952 8.71066 -5
      vertex -65.4796 8.27199 -5
      vertex -65.8698 4.14417 -5
    endloop
  endfacet
  facet normal 0 0 -1
    outer loop
      vertex -62.7697 20.3951 -5
      vertex -66.0984 21.4767 -5
      vertex -64.6195 25.5847 -5
    endloop
  endfacet
  facet normal 0 0 -1
    outer loop
      vertex -69.3629 4.36394 -5
      vertex -65.8698 4.14417 -5
      vertex -66 0 -5
    endloop
  endfacet
  facet normal 0 0 -1
    outer loop
      vertex -68.952 -8.71066 -5
      vertex -65.4796 -8.27199 -5
      vertex -68.269 -13.023 -5
    endloop
  endfacet
  facet normal -0 0 -1
    outer loop
      vertex -65.4796 -8.27199 -5
      vertex -68.952 -8.71066 -5
      vertex -65.8698 -4.14417 -5
    endloop
  endfacet
  facet normal 0 0 -1
    outer loop
      vertex -63.9265 16.4135 -5
      vertex -67.3165 17.2839 -5
      vertex -66.0984 21.4767 -5
    endloop
  endfacet
  facet normal 0 0 -1
    outer loop
      vertex -69.3629 -4.36394 -5
      vertex -65.8698 -4.14417 -5
      vertex -68.952 -8.71066 -5
    endloop
  endfacet
  facet normal 0 0 -1
    outer loop
      vertex -64.831 12.3672 -5
      vertex -68.269 13.023 -5
      vertex -67.3165 17.2839 -5
    endloop
  endfacet
  facet normal -0 0 -1
    outer loop
      vertex -65.8698 -4.14417 -5
      vertex -69.3629 -4.36394 -5
      vertex -66 0 -5
    endloop
  endfacet
  facet normal 0 0 -1
    outer loop
      vertex -65.4796 8.27199 -5
      vertex -68.952 8.71066 -5
      vertex -68.269 13.023 -5
    endloop
  endfacet
  facet normal 0 0 -1
    outer loop
      vertex -69.5 0 -5
      vertex -66 0 -5
      vertex -69.3629 -4.36394 -5
    endloop
  endfacet
  facet normal 0 0 -1
    outer loop
      vertex -65.8698 4.14417 -5
      vertex -69.3629 4.36394 -5
      vertex -68.952 8.71066 -5
    endloop
  endfacet
  facet normal 0 0 -1
    outer loop
      vertex -66 0 -5
      vertex -69.5 0 -5
      vertex -69.3629 4.36394 -5
    endloop
  endfacet
  facet normal -0.995562 -0.0941115 0
    outer loop
      vertex -68.952 -8.71066 -5
      vertex -69.3629 -4.36394 -3
      vertex -69.3629 -4.36394 -5
    endloop
  endfacet
  facet normal -0.995562 -0.0941115 0
    outer loop
      vertex -69.3629 -4.36394 -3
      vertex -68.952 -8.71066 -5
      vertex -68.952 -8.71066 -3
    endloop
  endfacet
  facet normal 0.940886 0.338724 0
    outer loop
      vertex 66.0984 21.4767 -3
      vertex 64.6195 25.5847 -5
      vertex 64.6195 25.5847 -3
    endloop
  endfacet
  facet normal 0.940886 0.338724 0
    outer loop
      vertex 64.6195 25.5847 -5
      vertex 66.0984 21.4767 -3
      vertex 66.0984 21.4767 -5
    endloop
  endfacet
  facet normal 0.7501 0.661325 0
    outer loop
      vertex 53.5507 44.301 -3
      vertex 50.6633 47.576 -5
      vertex 50.6633 47.576 -3
    endloop
  endfacet
  facet normal 0.7501 0.661325 0
    outer loop
      vertex 50.6633 47.576 -5
      vertex 53.5507 44.301 -3
      vertex 53.5507 44.301 -5
    endloop
  endfacet
  facet normal -0.707107 0.707107 0
    outer loop
      vertex -50.6633 47.576 -5
      vertex -47.576 50.6633 -3
      vertex -47.576 50.6633 -5
    endloop
  endfacet
  facet normal -0.707107 0.707107 0
    outer loop
      vertex -47.576 50.6633 -3
      vertex -50.6633 47.576 -5
      vertex -50.6633 47.576 -3
    endloop
  endfacet
  facet normal -0.917753 0.397151 0
    outer loop
      vertex -64.6195 25.5847 -5
      vertex -62.8855 29.5917 -3
      vertex -62.8855 29.5917 -5
    endloop
  endfacet
  facet normal -0.917753 0.397151 0
    outer loop
      vertex -62.8855 29.5917 -3
      vertex -64.6195 25.5847 -5
      vertex -64.6195 25.5847 -3
    endloop
  endfacet
  facet normal -0.612905 0.790157 0
    outer loop
      vertex -40.8511 56.2267 -5
      vertex -44.301 53.5507 -3
      vertex -40.8511 56.2267 -3
    endloop
  endfacet
  facet normal -0.612905 0.790157 0
    outer loop
      vertex -44.301 53.5507 -3
      vertex -40.8511 56.2267 -5
      vertex -44.301 53.5507 -5
    endloop
  endfacet
  facet normal 0.0941115 -0.995562 0
    outer loop
      vertex 4.36394 -69.3629 -5
      vertex 8.71066 -68.952 -3
      vertex 4.36394 -69.3629 -3
    endloop
  endfacet
  facet normal 0.0941115 -0.995562 0
    outer loop
      vertex 8.71066 -68.952 -3
      vertex 4.36394 -69.3629 -5
      vertex 8.71066 -68.952 -5
    endloop
  endfacet
  facet normal 0.278987 -0.960295 0
    outer loop
      vertex 17.2839 -67.3165 -5
      vertex 21.4767 -66.0984 -3
      vertex 17.2839 -67.3165 -3
    endloop
  endfacet
  facet normal 0.278987 -0.960295 0
    outer loop
      vertex 21.4767 -66.0984 -3
      vertex 17.2839 -67.3165 -5
      vertex 21.4767 -66.0984 -5
    endloop
  endfacet
  facet normal 0.860745 -0.509036 0
    outer loop
      vertex 58.6808 -37.24 -3
      vertex 60.9033 -33.4819 -5
      vertex 60.9033 -33.4819 -3
    endloop
  endfacet
  facet normal 0.860745 -0.509036 0
    outer loop
      vertex 60.9033 -33.4819 -5
      vertex 58.6808 -37.24 -3
      vertex 58.6808 -37.24 -5
    endloop
  endfacet
  facet normal 0.790157 -0.612905 0
    outer loop
      vertex 53.5507 -44.301 -3
      vertex 56.2267 -40.8511 -5
      vertex 56.2267 -40.8511 -3
    endloop
  endfacet
  facet normal 0.790157 -0.612905 0
    outer loop
      vertex 56.2267 -40.8511 -5
      vertex 53.5507 -44.301 -3
      vertex 53.5507 -44.301 -5
    endloop
  endfacet
  facet normal 0.995562 -0.0941115 0
    outer loop
      vertex 68.952 -8.71066 -3
      vertex 69.3629 -4.36394 -5
      vertex 69.3629 -4.36394 -3
    endloop
  endfacet
  facet normal 0.995562 -0.0941115 0
    outer loop
      vertex 69.3629 -4.36394 -5
      vertex 68.952 -8.71066 -3
      vertex 68.952 -8.71066 -5
    endloop
  endfacet
  facet normal -0.509036 -0.860745 0
    outer loop
      vertex -37.24 -58.6808 -5
      vertex -33.4819 -60.9033 -3
      vertex -37.24 -58.6808 -3
    endloop
  endfacet
  facet normal -0.509036 -0.860745 -0
    outer loop
      vertex -33.4819 -60.9033 -3
      vertex -37.24 -58.6808 -5
      vertex -33.4819 -60.9033 -5
    endloop
  endfacet
  facet normal -0.338724 -0.940886 0
    outer loop
      vertex -25.5847 -64.6195 -5
      vertex -21.4767 -66.0984 -3
      vertex -25.5847 -64.6195 -3
    endloop
  endfacet
  facet normal -0.338724 -0.940886 -0
    outer loop
      vertex -21.4767 -66.0984 -3
      vertex -25.5847 -64.6195 -5
      vertex -21.4767 -66.0984 -5
    endloop
  endfacet
  facet normal -0.0314011 -0.999507 0
    outer loop
      vertex -4.36394 -69.3629 -5
      vertex 0 -69.5 -3
      vertex -4.36394 -69.3629 -3
    endloop
  endfacet
  facet normal -0.0314011 -0.999507 -0
    outer loop
      vertex 0 -69.5 -3
      vertex -4.36394 -69.3629 -5
      vertex 0 -69.5 -5
    endloop
  endfacet
  facet normal -0.860745 -0.509036 0
    outer loop
      vertex -58.6808 -37.24 -5
      vertex -60.9033 -33.4819 -3
      vertex -60.9033 -33.4819 -5
    endloop
  endfacet
  facet normal -0.860745 -0.509036 0
    outer loop
      vertex -60.9033 -33.4819 -3
      vertex -58.6808 -37.24 -5
      vertex -58.6808 -37.24 -3
    endloop
  endfacet
  facet normal 0.999507 -0.0314011 0
    outer loop
      vertex 69.3629 -4.36394 -3
      vertex 69.5 0 -5
      vertex 69.5 0 -3
    endloop
  endfacet
  facet normal 0.999507 -0.0314011 0
    outer loop
      vertex 69.5 0 -5
      vertex 69.3629 -4.36394 -3
      vertex 69.3629 -4.36394 -5
    endloop
  endfacet
  facet normal 0.975917 0.21814 0
    outer loop
      vertex 71.707 13.6788 5
      vertex 70.7066 18.1544 -3
      vertex 70.7066 18.1544 5
    endloop
  endfacet
  facet normal 0.975917 0.21814 0
    outer loop
      vertex 70.7066 18.1544 -3
      vertex 71.707 13.6788 5
      vertex 71.707 13.6788 -3
    endloop
  endfacet
  facet normal -0.827076 -0.562091 0
    outer loop
      vertex -59.0582 -42.9083 -3
      vertex -61.6359 -39.1154 5
      vertex -61.6359 -39.1154 -3
    endloop
  endfacet
  facet normal -0.827076 -0.562091 0
    outer loop
      vertex -61.6359 -39.1154 5
      vertex -59.0582 -42.9083 -3
      vertex -59.0582 -42.9083 5
    endloop
  endfacet
  facet normal 0.960289 0.279007 0
    outer loop
      vertex 70.7066 18.1544 5
      vertex 69.4271 22.5582 -3
      vertex 69.4271 22.5582 5
    endloop
  endfacet
  facet normal 0.960289 0.279007 0
    outer loop
      vertex 69.4271 22.5582 -3
      vertex 70.7066 18.1544 5
      vertex 70.7066 18.1544 -3
    endloop
  endfacet
  facet normal 0.750098 0.661327 0
    outer loop
      vertex 56.2475 46.532 5
      vertex 53.2147 49.9719 -3
      vertex 53.2147 49.9719 5
    endloop
  endfacet
  facet normal 0.750098 0.661327 0
    outer loop
      vertex 53.2147 49.9719 -3
      vertex 56.2475 46.532 5
      vertex 56.2475 46.532 -3
    endloop
  endfacet
  facet normal 0.0940914 0.995564 -0
    outer loop
      vertex 9.14933 72.4244 -3
      vertex 4.58371 72.8559 5
      vertex 9.14933 72.4244 5
    endloop
  endfacet
  facet normal 0.0940914 0.995564 0
    outer loop
      vertex 4.58371 72.8559 5
      vertex 9.14933 72.4244 -3
      vertex 4.58371 72.8559 -3
    endloop
  endfacet
  facet normal 0.453995 0.891004 -0
    outer loop
      vertex 35.168 63.9704 -3
      vertex 31.0819 66.0524 5
      vertex 35.168 63.9704 5
    endloop
  endfacet
  facet normal 0.453995 0.891004 0
    outer loop
      vertex 31.0819 66.0524 5
      vertex 35.168 63.9704 -3
      vertex 31.0819 66.0524 -3
    endloop
  endfacet
  facet normal -0.827076 0.562091 0
    outer loop
      vertex -61.6359 39.1154 -3
      vertex -59.0582 42.9083 5
      vertex -59.0582 42.9083 -3
    endloop
  endfacet
  facet normal -0.827076 0.562091 0
    outer loop
      vertex -59.0582 42.9083 5
      vertex -61.6359 39.1154 -3
      vertex -61.6359 39.1154 5
    endloop
  endfacet
  facet normal -0.790169 0.612889 0
    outer loop
      vertex -59.0582 42.9083 -3
      vertex -56.2475 46.532 5
      vertex -56.2475 46.532 -3
    endloop
  endfacet
  facet normal -0.790169 0.612889 0
    outer loop
      vertex -56.2475 46.532 5
      vertex -59.0582 42.9083 -3
      vertex -59.0582 42.9083 5
    endloop
  endfacet
  facet normal -0.995564 0.0940914 0
    outer loop
      vertex -72.8559 4.58371 -3
      vertex -72.4244 9.14933 5
      vertex -72.4244 9.14933 -3
    endloop
  endfacet
  facet normal -0.995564 0.0940914 0
    outer loop
      vertex -72.4244 9.14933 5
      vertex -72.8559 4.58371 -3
      vertex -72.8559 4.58371 5
    endloop
  endfacet
  facet normal -0.612889 0.790169 0
    outer loop
      vertex -42.9083 59.0582 -3
      vertex -46.532 56.2475 5
      vertex -42.9083 59.0582 5
    endloop
  endfacet
  facet normal -0.612889 0.790169 0
    outer loop
      vertex -46.532 56.2475 5
      vertex -42.9083 59.0582 -3
      vertex -46.532 56.2475 -3
    endloop
  endfacet
  facet normal -0.279007 0.960289 0
    outer loop
      vertex -18.1544 70.7066 -3
      vertex -22.5582 69.4271 5
      vertex -18.1544 70.7066 5
    endloop
  endfacet
  facet normal -0.279007 0.960289 0
    outer loop
      vertex -22.5582 69.4271 5
      vertex -18.1544 70.7066 -3
      vertex -22.5582 69.4271 -3
    endloop
  endfacet
  facet normal 0.860741 -0.509044 0
    outer loop
      vertex 61.6359 -39.1154 5
      vertex 63.9704 -35.168 -3
      vertex 63.9704 -35.168 5
    endloop
  endfacet
  facet normal 0.860741 -0.509044 0
    outer loop
      vertex 63.9704 -35.168 -3
      vertex 61.6359 -39.1154 5
      vertex 61.6359 -39.1154 -3
    endloop
  endfacet
  facet normal 0.21814 -0.975917 0
    outer loop
      vertex 13.6788 -71.707 -3
      vertex 18.1544 -70.7066 5
      vertex 13.6788 -71.707 5
    endloop
  endfacet
  facet normal 0.21814 -0.975917 0
    outer loop
      vertex 18.1544 -70.7066 5
      vertex 13.6788 -71.707 -3
      vertex 18.1544 -70.7066 -3
    endloop
  endfacet
  facet normal 0.661327 -0.750098 0
    outer loop
      vertex 46.532 -56.2475 -3
      vertex 49.9719 -53.2147 5
      vertex 46.532 -56.2475 5
    endloop
  endfacet
  facet normal 0.661327 -0.750098 0
    outer loop
      vertex 49.9719 -53.2147 5
      vertex 46.532 -56.2475 -3
      vertex 49.9719 -53.2147 -3
    endloop
  endfacet
  facet normal 0.999506 -0.0314219 0
    outer loop
      vertex 72.8559 -4.58371 5
      vertex 73 0 -3
      vertex 73 0 5
    endloop
  endfacet
  facet normal 0.999506 -0.0314219 0
    outer loop
      vertex 73 0 -3
      vertex 72.8559 -4.58371 5
      vertex 72.8559 -4.58371 -3
    endloop
  endfacet
  facet normal -0.338726 -0.940885 0
    outer loop
      vertex -26.8731 -67.8737 -3
      vertex -22.5582 -69.4271 5
      vertex -26.8731 -67.8737 5
    endloop
  endfacet
  facet normal -0.338726 -0.940885 -0
    outer loop
      vertex -22.5582 -69.4271 5
      vertex -26.8731 -67.8737 -3
      vertex -22.5582 -69.4271 -3
    endloop
  endfacet
  facet normal 0.917755 0.397146 0
    outer loop
      vertex 67.8737 26.8731 5
      vertex 66.0524 31.0819 -3
      vertex 66.0524 31.0819 5
    endloop
  endfacet
  facet normal 0.917755 0.397146 0
    outer loop
      vertex 66.0524 31.0819 -3
      vertex 67.8737 26.8731 5
      vertex 67.8737 26.8731 -3
    endloop
  endfacet
  facet normal 0.891004 0.453995 0
    outer loop
      vertex 66.0524 31.0819 5
      vertex 63.9704 35.168 -3
      vertex 63.9704 35.168 5
    endloop
  endfacet
  facet normal 0.891004 0.453995 0
    outer loop
      vertex 63.9704 35.168 -3
      vertex 66.0524 31.0819 5
      vertex 66.0524 31.0819 -3
    endloop
  endfacet
  facet normal 0.21814 0.975917 -0
    outer loop
      vertex 18.1544 70.7066 -3
      vertex 13.6788 71.707 5
      vertex 18.1544 70.7066 5
    endloop
  endfacet
  facet normal 0.21814 0.975917 0
    outer loop
      vertex 13.6788 71.707 5
      vertex 18.1544 70.7066 -3
      vertex 13.6788 71.707 -3
    endloop
  endfacet
  facet normal 0.612889 0.790169 -0
    outer loop
      vertex 46.532 56.2475 -3
      vertex 42.9083 59.0582 5
      vertex 46.532 56.2475 5
    endloop
  endfacet
  facet normal 0.612889 0.790169 0
    outer loop
      vertex 42.9083 59.0582 5
      vertex 46.532 56.2475 -3
      vertex 42.9083 59.0582 -3
    endloop
  endfacet
  facet normal 0.562091 0.827076 -0
    outer loop
      vertex 42.9083 59.0582 -3
      vertex 39.1154 61.6359 5
      vertex 42.9083 59.0582 5
    endloop
  endfacet
  facet normal 0.562091 0.827076 0
    outer loop
      vertex 39.1154 61.6359 5
      vertex 42.9083 59.0582 -3
      vertex 39.1154 61.6359 -3
    endloop
  endfacet
  facet normal -0.975917 0.21814 0
    outer loop
      vertex -71.707 13.6788 -3
      vertex -70.7066 18.1544 5
      vertex -70.7066 18.1544 -3
    endloop
  endfacet
  facet normal -0.975917 0.21814 0
    outer loop
      vertex -70.7066 18.1544 5
      vertex -71.707 13.6788 -3
      vertex -71.707 13.6788 5
    endloop
  endfacet
  facet normal -0.509044 0.860741 0
    outer loop
      vertex -35.168 63.9704 -3
      vertex -39.1154 61.6359 5
      vertex -35.168 63.9704 5
    endloop
  endfacet
  facet normal -0.509044 0.860741 0
    outer loop
      vertex -39.1154 61.6359 5
      vertex -35.168 63.9704 -3
      vertex -39.1154 61.6359 -3
    endloop
  endfacet
  facet normal -0.0940914 0.995564 0
    outer loop
      vertex -4.58371 72.8559 -3
      vertex -9.14933 72.4244 5
      vertex -4.58371 72.8559 5
    endloop
  endfacet
  facet normal -0.0940914 0.995564 0
    outer loop
      vertex -9.14933 72.4244 5
      vertex -4.58371 72.8559 -3
      vertex -9.14933 72.4244 -3
    endloop
  endfacet
  facet normal -0.156435 0.987688 0
    outer loop
      vertex -9.14933 72.4244 -3
      vertex -13.6788 71.707 5
      vertex -9.14933 72.4244 5
    endloop
  endfacet
  facet normal -0.156435 0.987688 0
    outer loop
      vertex -13.6788 71.707 5
      vertex -9.14933 72.4244 -3
      vertex -13.6788 71.707 -3
    endloop
  endfacet
  facet normal 0.975917 -0.21814 0
    outer loop
      vertex 70.7066 -18.1544 5
      vertex 71.707 -13.6788 -3
      vertex 71.707 -13.6788 5
    endloop
  endfacet
  facet normal 0.975917 -0.21814 0
    outer loop
      vertex 71.707 -13.6788 -3
      vertex 70.7066 -18.1544 5
      vertex 70.7066 -18.1544 -3
    endloop
  endfacet
  facet normal 0.156435 -0.987688 0
    outer loop
      vertex 9.14933 -72.4244 -3
      vertex 13.6788 -71.707 5
      vertex 9.14933 -72.4244 5
    endloop
  endfacet
  facet normal 0.156435 -0.987688 0
    outer loop
      vertex 13.6788 -71.707 5
      vertex 9.14933 -72.4244 -3
      vertex 13.6788 -71.707 -3
    endloop
  endfacet
  facet normal 0.612889 -0.790169 0
    outer loop
      vertex 42.9083 -59.0582 -3
      vertex 46.532 -56.2475 5
      vertex 42.9083 -59.0582 5
    endloop
  endfacet
  facet normal 0.612889 -0.790169 0
    outer loop
      vertex 46.532 -56.2475 5
      vertex 42.9083 -59.0582 -3
      vertex 46.532 -56.2475 -3
    endloop
  endfacet
  facet normal 0.827076 -0.562091 0
    outer loop
      vertex 59.0582 -42.9083 5
      vertex 61.6359 -39.1154 -3
      vertex 61.6359 -39.1154 5
    endloop
  endfacet
  facet normal 0.827076 -0.562091 0
    outer loop
      vertex 61.6359 -39.1154 -3
      vertex 59.0582 -42.9083 5
      vertex 59.0582 -42.9083 -3
    endloop
  endfacet
  facet normal -0.156435 -0.987688 0
    outer loop
      vertex -13.6788 -71.707 -3
      vertex -9.14933 -72.4244 5
      vertex -13.6788 -71.707 5
    endloop
  endfacet
  facet normal -0.156435 -0.987688 -0
    outer loop
      vertex -9.14933 -72.4244 5
      vertex -13.6788 -71.707 -3
      vertex -9.14933 -72.4244 -3
    endloop
  endfacet
  facet normal -0.0940914 -0.995564 0
    outer loop
      vertex -9.14933 -72.4244 -3
      vertex -4.58371 -72.8559 5
      vertex -9.14933 -72.4244 5
    endloop
  endfacet
  facet normal -0.0940914 -0.995564 -0
    outer loop
      vertex -4.58371 -72.8559 5
      vertex -9.14933 -72.4244 -3
      vertex -4.58371 -72.8559 -3
    endloop
  endfacet
  facet normal -0.612889 -0.790169 0
    outer loop
      vertex -46.532 -56.2475 -3
      vertex -42.9083 -59.0582 5
      vertex -46.532 -56.2475 5
    endloop
  endfacet
  facet normal -0.612889 -0.790169 -0
    outer loop
      vertex -42.9083 -59.0582 5
      vertex -46.532 -56.2475 -3
      vertex -42.9083 -59.0582 -3
    endloop
  endfacet
  facet normal -0.790169 -0.612889 0
    outer loop
      vertex -56.2475 -46.532 -3
      vertex -59.0582 -42.9083 5
      vertex -59.0582 -42.9083 -3
    endloop
  endfacet
  facet normal -0.790169 -0.612889 0
    outer loop
      vertex -59.0582 -42.9083 5
      vertex -56.2475 -46.532 -3
      vertex -56.2475 -46.532 5
    endloop
  endfacet
  facet normal -0.917755 -0.397146 0
    outer loop
      vertex -66.0524 -31.0819 -3
      vertex -67.8737 -26.8731 5
      vertex -67.8737 -26.8731 -3
    endloop
  endfacet
  facet normal -0.917755 -0.397146 0
    outer loop
      vertex -67.8737 -26.8731 5
      vertex -66.0524 -31.0819 -3
      vertex -66.0524 -31.0819 5
    endloop
  endfacet
  facet normal -0.975917 -0.21814 0
    outer loop
      vertex -70.7066 -18.1544 -3
      vertex -71.707 -13.6788 5
      vertex -71.707 -13.6788 -3
    endloop
  endfacet
  facet normal -0.975917 -0.21814 0
    outer loop
      vertex -71.707 -13.6788 5
      vertex -70.7066 -18.1544 -3
      vertex -70.7066 -18.1544 5
    endloop
  endfacet
  facet normal 0 0 -1
    outer loop
      vertex 69.5 0 -3
      vertex 73 0 -3
      vertex 72.8559 -4.58371 -3
    endloop
  endfacet
  facet normal 0 0 -1
    outer loop
      vertex 69.3629 -4.36394 -3
      vertex 72.8559 -4.58371 -3
      vertex 72.4244 -9.14933 -3
    endloop
  endfacet
  facet normal 0 0 -1
    outer loop
      vertex 73 0 -3
      vertex 69.5 0 -3
      vertex 72.8559 4.58371 -3
    endloop
  endfacet
  facet normal 0 0 -1
    outer loop
      vertex 68.952 -8.71066 -3
      vertex 72.4244 -9.14933 -3
      vertex 71.707 -13.6788 -3
    endloop
  endfacet
  facet normal 0 0 -1
    outer loop
      vertex 69.3629 4.36394 -3
      vertex 72.8559 4.58371 -3
      vertex 69.5 0 -3
    endloop
  endfacet
  facet normal 0 0 -1
    outer loop
      vertex 68.269 -13.023 -3
      vertex 71.707 -13.6788 -3
      vertex 70.7066 -18.1544 -3
    endloop
  endfacet
  facet normal -0 0 -1
    outer loop
      vertex 72.8559 4.58371 -3
      vertex 69.3629 4.36394 -3
      vertex 72.4244 9.14933 -3
    endloop
  endfacet
  facet normal 0 0 -1
    outer loop
      vertex 68.952 8.71066 -3
      vertex 72.4244 9.14933 -3
      vertex 69.3629 4.36394 -3
    endloop
  endfacet
  facet normal 0 0 -1
    outer loop
      vertex 67.3165 -17.2839 -3
      vertex 70.7066 -18.1544 -3
      vertex 69.4271 -22.5582 -3
    endloop
  endfacet
  facet normal 0 0 -1
    outer loop
      vertex 72.8559 -4.58371 -3
      vertex 69.3629 -4.36394 -3
      vertex 69.5 0 -3
    endloop
  endfacet
  facet normal 0 0 -1
    outer loop
      vertex 72.4244 -9.14933 -3
      vertex 68.952 -8.71066 -3
      vertex 69.3629 -4.36394 -3
    endloop
  endfacet
  facet normal 0 0 -1
    outer loop
      vertex 71.707 -13.6788 -3
      vertex 68.269 -13.023 -3
      vertex 68.952 -8.71066 -3
    endloop
  endfacet
  facet normal 0 0 -1
    outer loop
      vertex 66.0984 -21.4767 -3
      vertex 69.4271 -22.5582 -3
      vertex 67.8737 -26.8731 -3
    endloop
  endfacet
  facet normal 0 0 -1
    outer loop
      vertex 70.7066 -18.1544 -3
      vertex 67.3165 -17.2839 -3
      vertex 68.269 -13.023 -3
    endloop
  endfacet
  facet normal 0 0 -1
    outer loop
      vertex 69.4271 -22.5582 -3
      vertex 66.0984 -21.4767 -3
      vertex 67.3165 -17.2839 -3
    endloop
  endfacet
  facet normal 0 0 -1
    outer loop
      vertex 64.6195 -25.5847 -3
      vertex 67.8737 -26.8731 -3
      vertex 66.0524 -31.0819 -3
    endloop
  endfacet
  facet normal 0 0 -1
    outer loop
      vertex 67.8737 -26.8731 -3
      vertex 64.6195 -25.5847 -3
      vertex 66.0984 -21.4767 -3
    endloop
  endfacet
  facet normal 0 0 -1
    outer loop
      vertex 62.8855 -29.5917 -3
      vertex 66.0524 -31.0819 -3
      vertex 63.9704 -35.168 -3
    endloop
  endfacet
  facet normal 0 0 -1
    outer loop
      vertex 66.0524 -31.0819 -3
      vertex 62.8855 -29.5917 -3
      vertex 64.6195 -25.5847 -3
    endloop
  endfacet
  facet normal 0 0 -1
    outer loop
      vertex 60.9033 -33.4819 -3
      vertex 63.9704 -35.168 -3
      vertex 61.6359 -39.1154 -3
    endloop
  endfacet
  facet normal 0 0 -1
    outer loop
      vertex 63.9704 -35.168 -3
      vertex 60.9033 -33.4819 -3
      vertex 62.8855 -29.5917 -3
    endloop
  endfacet
  facet normal 0 0 -1
    outer loop
      vertex 58.6808 -37.24 -3
      vertex 61.6359 -39.1154 -3
      vertex 59.0582 -42.9083 -3
    endloop
  endfacet
  facet normal 0 0 -1
    outer loop
      vertex 61.6359 -39.1154 -3
      vertex 58.6808 -37.24 -3
      vertex 60.9033 -33.4819 -3
    endloop
  endfacet
  facet normal 0 0 -1
    outer loop
      vertex 56.2267 -40.8511 -3
      vertex 59.0582 -42.9083 -3
      vertex 56.2475 -46.532 -3
    endloop
  endfacet
  facet normal 0 0 -1
    outer loop
      vertex 59.0582 -42.9083 -3
      vertex 56.2267 -40.8511 -3
      vertex 58.6808 -37.24 -3
    endloop
  endfacet
  facet normal 0 0 -1
    outer loop
      vertex 56.2475 -46.532 -3
      vertex 53.5507 -44.301 -3
      vertex 56.2267 -40.8511 -3
    endloop
  endfacet
  facet normal 0 0 -1
    outer loop
      vertex 53.2147 -49.9719 -3
      vertex 53.5507 -44.301 -3
      vertex 56.2475 -46.532 -3
    endloop
  endfacet
  facet normal 0 0 -1
    outer loop
      vertex 53.2147 -49.9719 -3
      vertex 50.6633 -47.576 -3
      vertex 53.5507 -44.301 -3
    endloop
  endfacet
  facet normal 0 0 -1
    outer loop
      vertex 49.9719 -53.2147 -3
      vertex 50.6633 -47.576 -3
      vertex 53.2147 -49.9719 -3
    endloop
  endfacet
  facet normal 0 0 -1
    outer loop
      vertex 49.9719 -53.2147 -3
      vertex 47.576 -50.6633 -3
      vertex 50.6633 -47.576 -3
    endloop
  endfacet
  facet normal 0 0 -1
    outer loop
      vertex 46.532 -56.2475 -3
      vertex 47.576 -50.6633 -3
      vertex 49.9719 -53.2147 -3
    endloop
  endfacet
  facet normal 0 0 -1
    outer loop
      vertex 46.532 -56.2475 -3
      vertex 44.301 -53.5507 -3
      vertex 47.576 -50.6633 -3
    endloop
  endfacet
  facet normal 0 0 -1
    outer loop
      vertex 42.9083 -59.0582 -3
      vertex 44.301 -53.5507 -3
      vertex 46.532 -56.2475 -3
    endloop
  endfacet
  facet normal 0 0 -1
    outer loop
      vertex 42.9083 -59.0582 -3
      vertex 40.8511 -56.2267 -3
      vertex 44.301 -53.5507 -3
    endloop
  endfacet
  facet normal 0 0 -1
    outer loop
      vertex 39.1154 -61.6359 -3
      vertex 40.8511 -56.2267 -3
      vertex 42.9083 -59.0582 -3
    endloop
  endfacet
  facet normal 0 0 -1
    outer loop
      vertex 39.1154 -61.6359 -3
      vertex 37.24 -58.6808 -3
      vertex 40.8511 -56.2267 -3
    endloop
  endfacet
  facet normal 0 0 -1
    outer loop
      vertex 35.168 -63.9704 -3
      vertex 37.24 -58.6808 -3
      vertex 39.1154 -61.6359 -3
    endloop
  endfacet
  facet normal 0 0 -1
    outer loop
      vertex 35.168 -63.9704 -3
      vertex 33.4819 -60.9033 -3
      vertex 37.24 -58.6808 -3
    endloop
  endfacet
  facet normal 0 0 -1
    outer loop
      vertex 31.0819 -66.0524 -3
      vertex 33.4819 -60.9033 -3
      vertex 35.168 -63.9704 -3
    endloop
  endfacet
  facet normal 0 0 -1
    outer loop
      vertex 31.0819 -66.0524 -3
      vertex 29.5917 -62.8855 -3
      vertex 33.4819 -60.9033 -3
    endloop
  endfacet
  facet normal 0 0 -1
    outer loop
      vertex 26.8731 -67.8737 -3
      vertex 29.5917 -62.8855 -3
      vertex 31.0819 -66.0524 -3
    endloop
  endfacet
  facet normal 0 0 -1
    outer loop
      vertex 26.8731 -67.8737 -3
      vertex 25.5847 -64.6195 -3
      vertex 29.5917 -62.8855 -3
    endloop
  endfacet
  facet normal 0 0 -1
    outer loop
      vertex 22.5582 -69.4271 -3
      vertex 25.5847 -64.6195 -3
      vertex 26.8731 -67.8737 -3
    endloop
  endfacet
  facet normal 0 0 -1
    outer loop
      vertex 22.5582 -69.4271 -3
      vertex 21.4767 -66.0984 -3
      vertex 25.5847 -64.6195 -3
    endloop
  endfacet
  facet normal 0 0 -1
    outer loop
      vertex 18.1544 -70.7066 -3
      vertex 21.4767 -66.0984 -3
      vertex 22.5582 -69.4271 -3
    endloop
  endfacet
  facet normal 0 0 -1
    outer loop
      vertex 18.1544 -70.7066 -3
      vertex 17.2839 -67.3165 -3
      vertex 21.4767 -66.0984 -3
    endloop
  endfacet
  facet normal 0 0 -1
    outer loop
      vertex 13.6788 -71.707 -3
      vertex 17.2839 -67.3165 -3
      vertex 18.1544 -70.7066 -3
    endloop
  endfacet
  facet normal 0 0 -1
    outer loop
      vertex 13.6788 -71.707 -3
      vertex 13.023 -68.269 -3
      vertex 17.2839 -67.3165 -3
    endloop
  endfacet
  facet normal 0 0 -1
    outer loop
      vertex 9.14933 -72.4244 -3
      vertex 13.023 -68.269 -3
      vertex 13.6788 -71.707 -3
    endloop
  endfacet
  facet normal 0 0 -1
    outer loop
      vertex 9.14933 -72.4244 -3
      vertex 8.71066 -68.952 -3
      vertex 13.023 -68.269 -3
    endloop
  endfacet
  facet normal 0 0 -1
    outer loop
      vertex 4.58371 -72.8559 -3
      vertex 8.71066 -68.952 -3
      vertex 9.14933 -72.4244 -3
    endloop
  endfacet
  facet normal 0 0 -1
    outer loop
      vertex 4.58371 -72.8559 -3
      vertex 4.36394 -69.3629 -3
      vertex 8.71066 -68.952 -3
    endloop
  endfacet
  facet normal 0 0 -1
    outer loop
      vertex 0 -73 -3
      vertex 4.36394 -69.3629 -3
      vertex 4.58371 -72.8559 -3
    endloop
  endfacet
  facet normal 0 0 -1
    outer loop
      vertex 0 -73 -3
      vertex 0 -69.5 -3
      vertex 4.36394 -69.3629 -3
    endloop
  endfacet
  facet normal 0 0 -1
    outer loop
      vertex 0 -73 -3
      vertex -4.36394 -69.3629 -3
      vertex 0 -69.5 -3
    endloop
  endfacet
  facet normal 0 0 -1
    outer loop
      vertex -4.58371 -72.8559 -3
      vertex -4.36394 -69.3629 -3
      vertex 0 -73 -3
    endloop
  endfacet
  facet normal 0 0 -1
    outer loop
      vertex -4.58371 -72.8559 -3
      vertex -8.71066 -68.952 -3
      vertex -4.36394 -69.3629 -3
    endloop
  endfacet
  facet normal 0 0 -1
    outer loop
      vertex -9.14933 -72.4244 -3
      vertex -8.71066 -68.952 -3
      vertex -4.58371 -72.8559 -3
    endloop
  endfacet
  facet normal 0 0 -1
    outer loop
      vertex -9.14933 -72.4244 -3
      vertex -13.023 -68.269 -3
      vertex -8.71066 -68.952 -3
    endloop
  endfacet
  facet normal 0 0 -1
    outer loop
      vertex -13.6788 -71.707 -3
      vertex -13.023 -68.269 -3
      vertex -9.14933 -72.4244 -3
    endloop
  endfacet
  facet normal 0 0 -1
    outer loop
      vertex -13.6788 -71.707 -3
      vertex -17.2839 -67.3165 -3
      vertex -13.023 -68.269 -3
    endloop
  endfacet
  facet normal 0 0 -1
    outer loop
      vertex -18.1544 -70.7066 -3
      vertex -17.2839 -67.3165 -3
      vertex -13.6788 -71.707 -3
    endloop
  endfacet
  facet normal 0 0 -1
    outer loop
      vertex -18.1544 -70.7066 -3
      vertex -21.4767 -66.0984 -3
      vertex -17.2839 -67.3165 -3
    endloop
  endfacet
  facet normal 0 0 -1
    outer loop
      vertex -22.5582 -69.4271 -3
      vertex -21.4767 -66.0984 -3
      vertex -18.1544 -70.7066 -3
    endloop
  endfacet
  facet normal 0 0 -1
    outer loop
      vertex -22.5582 -69.4271 -3
      vertex -25.5847 -64.6195 -3
      vertex -21.4767 -66.0984 -3
    endloop
  endfacet
  facet normal 0 0 -1
    outer loop
      vertex -26.8731 -67.8737 -3
      vertex -25.5847 -64.6195 -3
      vertex -22.5582 -69.4271 -3
    endloop
  endfacet
  facet normal 0 0 -1
    outer loop
      vertex -26.8731 -67.8737 -3
      vertex -29.5917 -62.8855 -3
      vertex -25.5847 -64.6195 -3
    endloop
  endfacet
  facet normal 0 0 -1
    outer loop
      vertex -31.0819 -66.0524 -3
      vertex -29.5917 -62.8855 -3
      vertex -26.8731 -67.8737 -3
    endloop
  endfacet
  facet normal 0 0 -1
    outer loop
      vertex -31.0819 -66.0524 -3
      vertex -33.4819 -60.9033 -3
      vertex -29.5917 -62.8855 -3
    endloop
  endfacet
  facet normal 0 0 -1
    outer loop
      vertex -35.168 -63.9704 -3
      vertex -33.4819 -60.9033 -3
      vertex -31.0819 -66.0524 -3
    endloop
  endfacet
  facet normal 0 0 -1
    outer loop
      vertex -35.168 -63.9704 -3
      vertex -37.24 -58.6808 -3
      vertex -33.4819 -60.9033 -3
    endloop
  endfacet
  facet normal 0 0 -1
    outer loop
      vertex -39.1154 -61.6359 -3
      vertex -37.24 -58.6808 -3
      vertex -35.168 -63.9704 -3
    endloop
  endfacet
  facet normal 0 0 -1
    outer loop
      vertex -39.1154 -61.6359 -3
      vertex -40.8511 -56.2267 -3
      vertex -37.24 -58.6808 -3
    endloop
  endfacet
  facet normal 0 0 -1
    outer loop
      vertex -42.9083 -59.0582 -3
      vertex -40.8511 -56.2267 -3
      vertex -39.1154 -61.6359 -3
    endloop
  endfacet
  facet normal 0 0 -1
    outer loop
      vertex -42.9083 -59.0582 -3
      vertex -44.301 -53.5507 -3
      vertex -40.8511 -56.2267 -3
    endloop
  endfacet
  facet normal 0 0 -1
    outer loop
      vertex -46.532 -56.2475 -3
      vertex -44.301 -53.5507 -3
      vertex -42.9083 -59.0582 -3
    endloop
  endfacet
  facet normal 0 0 -1
    outer loop
      vertex -46.532 -56.2475 -3
      vertex -47.576 -50.6633 -3
      vertex -44.301 -53.5507 -3
    endloop
  endfacet
  facet normal 0 0 -1
    outer loop
      vertex -49.9719 -53.2147 -3
      vertex -47.576 -50.6633 -3
      vertex -46.532 -56.2475 -3
    endloop
  endfacet
  facet normal 0 0 -1
    outer loop
      vertex -49.9719 -53.2147 -3
      vertex -50.6633 -47.576 -3
      vertex -47.576 -50.6633 -3
    endloop
  endfacet
  facet normal 0 0 -1
    outer loop
      vertex -53.2147 -49.9719 -3
      vertex -50.6633 -47.576 -3
      vertex -49.9719 -53.2147 -3
    endloop
  endfacet
  facet normal 0 0 -1
    outer loop
      vertex -53.2147 -49.9719 -3
      vertex -53.5507 -44.301 -3
      vertex -50.6633 -47.576 -3
    endloop
  endfacet
  facet normal 0 0 -1
    outer loop
      vertex -56.2475 -46.532 -3
      vertex -53.5507 -44.301 -3
      vertex -53.2147 -49.9719 -3
    endloop
  endfacet
  facet normal -0 0 -1
    outer loop
      vertex -53.5507 -44.301 -3
      vertex -56.2475 -46.532 -3
      vertex -56.2267 -40.8511 -3
    endloop
  endfacet
  facet normal 0 0 -1
    outer loop
      vertex -59.0582 -42.9083 -3
      vertex -56.2267 -40.8511 -3
      vertex -56.2475 -46.532 -3
    endloop
  endfacet
  facet normal -0 0 -1
    outer loop
      vertex -56.2267 -40.8511 -3
      vertex -59.0582 -42.9083 -3
      vertex -58.6808 -37.24 -3
    endloop
  endfacet
  facet normal 0 0 -1
    outer loop
      vertex -61.6359 -39.1154 -3
      vertex -58.6808 -37.24 -3
      vertex -59.0582 -42.9083 -3
    endloop
  endfacet
  facet normal -0 0 -1
    outer loop
      vertex -58.6808 -37.24 -3
      vertex -61.6359 -39.1154 -3
      vertex -60.9033 -33.4819 -3
    endloop
  endfacet
  facet normal 0 0 -1
    outer loop
      vertex -63.9704 -35.168 -3
      vertex -60.9033 -33.4819 -3
      vertex -61.6359 -39.1154 -3
    endloop
  endfacet
  facet normal -0 0 -1
    outer loop
      vertex -60.9033 -33.4819 -3
      vertex -63.9704 -35.168 -3
      vertex -62.8855 -29.5917 -3
    endloop
  endfacet
  facet normal 0 0 -1
    outer loop
      vertex -66.0524 -31.0819 -3
      vertex -62.8855 -29.5917 -3
      vertex -63.9704 -35.168 -3
    endloop
  endfacet
  facet normal -0 0 -1
    outer loop
      vertex -62.8855 -29.5917 -3
      vertex -66.0524 -31.0819 -3
      vertex -64.6195 -25.5847 -3
    endloop
  endfacet
  facet normal 0 0 -1
    outer loop
      vertex -67.8737 -26.8731 -3
      vertex -64.6195 -25.5847 -3
      vertex -66.0524 -31.0819 -3
    endloop
  endfacet
  facet normal -0 0 -1
    outer loop
      vertex -64.6195 -25.5847 -3
      vertex -67.8737 -26.8731 -3
      vertex -66.0984 -21.4767 -3
    endloop
  endfacet
  facet normal 0 0 -1
    outer loop
      vertex -69.4271 -22.5582 -3
      vertex -66.0984 -21.4767 -3
      vertex -67.8737 -26.8731 -3
    endloop
  endfacet
  facet normal -0 0 -1
    outer loop
      vertex -66.0984 -21.4767 -3
      vertex -69.4271 -22.5582 -3
      vertex -67.3165 -17.2839 -3
    endloop
  endfacet
  facet normal 0 0 -1
    outer loop
      vertex -70.7066 -18.1544 -3
      vertex -67.3165 -17.2839 -3
      vertex -69.4271 -22.5582 -3
    endloop
  endfacet
  facet normal -0 0 -1
    outer loop
      vertex -67.3165 -17.2839 -3
      vertex -70.7066 -18.1544 -3
      vertex -68.269 -13.023 -3
    endloop
  endfacet
  facet normal 0 0 -1
    outer loop
      vertex -71.707 -13.6788 -3
      vertex -68.269 -13.023 -3
      vertex -70.7066 -18.1544 -3
    endloop
  endfacet
  facet normal -0 0 -1
    outer loop
      vertex -68.269 -13.023 -3
      vertex -71.707 -13.6788 -3
      vertex -68.952 -8.71066 -3
    endloop
  endfacet
  facet normal 0 0 -1
    outer loop
      vertex -72.4244 -9.14933 -3
      vertex -68.952 -8.71066 -3
      vertex -71.707 -13.6788 -3
    endloop
  endfacet
  facet normal -0 0 -1
    outer loop
      vertex 72.4244 9.14933 -3
      vertex 68.952 8.71066 -3
      vertex 71.707 13.6788 -3
    endloop
  endfacet
  facet normal 0 0 -1
    outer loop
      vertex 68.269 13.023 -3
      vertex 71.707 13.6788 -3
      vertex 68.952 8.71066 -3
    endloop
  endfacet
  facet normal -0 0 -1
    outer loop
      vertex 71.707 13.6788 -3
      vertex 68.269 13.023 -3
      vertex 70.7066 18.1544 -3
    endloop
  endfacet
  facet normal 0 0 -1
    outer loop
      vertex 67.3165 17.2839 -3
      vertex 70.7066 18.1544 -3
      vertex 68.269 13.023 -3
    endloop
  endfacet
  facet normal -0 0 -1
    outer loop
      vertex 70.7066 18.1544 -3
      vertex 67.3165 17.2839 -3
      vertex 69.4271 22.5582 -3
    endloop
  endfacet
  facet normal 0 0 -1
    outer loop
      vertex 66.0984 21.4767 -3
      vertex 69.4271 22.5582 -3
      vertex 67.3165 17.2839 -3
    endloop
  endfacet
  facet normal -0 0 -1
    outer loop
      vertex 69.4271 22.5582 -3
      vertex 66.0984 21.4767 -3
      vertex 67.8737 26.8731 -3
    endloop
  endfacet
  facet normal 0 0 -1
    outer loop
      vertex 64.6195 25.5847 -3
      vertex 67.8737 26.8731 -3
      vertex 66.0984 21.4767 -3
    endloop
  endfacet
  facet normal -0 0 -1
    outer loop
      vertex 67.8737 26.8731 -3
      vertex 64.6195 25.5847 -3
      vertex 66.0524 31.0819 -3
    endloop
  endfacet
  facet normal 0 0 -1
    outer loop
      vertex 62.8855 29.5917 -3
      vertex 66.0524 31.0819 -3
      vertex 64.6195 25.5847 -3
    endloop
  endfacet
  facet normal -0 0 -1
    outer loop
      vertex 66.0524 31.0819 -3
      vertex 62.8855 29.5917 -3
      vertex 63.9704 35.168 -3
    endloop
  endfacet
  facet normal 0 0 -1
    outer loop
      vertex 60.9033 33.4819 -3
      vertex 63.9704 35.168 -3
      vertex 62.8855 29.5917 -3
    endloop
  endfacet
  facet normal -0 0 -1
    outer loop
      vertex 63.9704 35.168 -3
      vertex 60.9033 33.4819 -3
      vertex 61.6359 39.1154 -3
    endloop
  endfacet
  facet normal 0 0 -1
    outer loop
      vertex 58.6808 37.24 -3
      vertex 61.6359 39.1154 -3
      vertex 60.9033 33.4819 -3
    endloop
  endfacet
  facet normal -0 0 -1
    outer loop
      vertex 61.6359 39.1154 -3
      vertex 58.6808 37.24 -3
      vertex 59.0582 42.9083 -3
    endloop
  endfacet
  facet normal 0 0 -1
    outer loop
      vertex 56.2267 40.8511 -3
      vertex 59.0582 42.9083 -3
      vertex 58.6808 37.24 -3
    endloop
  endfacet
  facet normal -0 0 -1
    outer loop
      vertex 59.0582 42.9083 -3
      vertex 56.2267 40.8511 -3
      vertex 56.2475 46.532 -3
    endloop
  endfacet
  facet normal 0 0 -1
    outer loop
      vertex 53.5507 44.301 -3
      vertex 56.2475 46.532 -3
      vertex 56.2267 40.8511 -3
    endloop
  endfacet
  facet normal 0 0 -1
    outer loop
      vertex 53.5507 44.301 -3
      vertex 53.2147 49.9719 -3
      vertex 56.2475 46.532 -3
    endloop
  endfacet
  facet normal 0 0 -1
    outer loop
      vertex 50.6633 47.576 -3
      vertex 53.2147 49.9719 -3
      vertex 53.5507 44.301 -3
    endloop
  endfacet
  facet normal 0 0 -1
    outer loop
      vertex 50.6633 47.576 -3
      vertex 49.9719 53.2147 -3
      vertex 53.2147 49.9719 -3
    endloop
  endfacet
  facet normal 0 0 -1
    outer loop
      vertex 47.576 50.6633 -3
      vertex 49.9719 53.2147 -3
      vertex 50.6633 47.576 -3
    endloop
  endfacet
  facet normal 0 0 -1
    outer loop
      vertex 47.576 50.6633 -3
      vertex 46.532 56.2475 -3
      vertex 49.9719 53.2147 -3
    endloop
  endfacet
  facet normal 0 0 -1
    outer loop
      vertex 44.301 53.5507 -3
      vertex 46.532 56.2475 -3
      vertex 47.576 50.6633 -3
    endloop
  endfacet
  facet normal 0 0 -1
    outer loop
      vertex 44.301 53.5507 -3
      vertex 42.9083 59.0582 -3
      vertex 46.532 56.2475 -3
    endloop
  endfacet
  facet normal 0 0 -1
    outer loop
      vertex 40.8511 56.2267 -3
      vertex 42.9083 59.0582 -3
      vertex 44.301 53.5507 -3
    endloop
  endfacet
  facet normal 0 0 -1
    outer loop
      vertex 40.8511 56.2267 -3
      vertex 39.1154 61.6359 -3
      vertex 42.9083 59.0582 -3
    endloop
  endfacet
  facet normal 0 0 -1
    outer loop
      vertex 37.24 58.6808 -3
      vertex 39.1154 61.6359 -3
      vertex 40.8511 56.2267 -3
    endloop
  endfacet
  facet normal 0 0 -1
    outer loop
      vertex 37.24 58.6808 -3
      vertex 35.168 63.9704 -3
      vertex 39.1154 61.6359 -3
    endloop
  endfacet
  facet normal 0 0 -1
    outer loop
      vertex 33.4819 60.9033 -3
      vertex 35.168 63.9704 -3
      vertex 37.24 58.6808 -3
    endloop
  endfacet
  facet normal 0 0 -1
    outer loop
      vertex 33.4819 60.9033 -3
      vertex 31.0819 66.0524 -3
      vertex 35.168 63.9704 -3
    endloop
  endfacet
  facet normal 0 0 -1
    outer loop
      vertex 29.5917 62.8855 -3
      vertex 31.0819 66.0524 -3
      vertex 33.4819 60.9033 -3
    endloop
  endfacet
  facet normal 0 0 -1
    outer loop
      vertex 29.5917 62.8855 -3
      vertex 26.8731 67.8737 -3
      vertex 31.0819 66.0524 -3
    endloop
  endfacet
  facet normal 0 0 -1
    outer loop
      vertex 25.5847 64.6195 -3
      vertex 26.8731 67.8737 -3
      vertex 29.5917 62.8855 -3
    endloop
  endfacet
  facet normal 0 0 -1
    outer loop
      vertex 25.5847 64.6195 -3
      vertex 22.5582 69.4271 -3
      vertex 26.8731 67.8737 -3
    endloop
  endfacet
  facet normal 0 0 -1
    outer loop
      vertex 21.4767 66.0984 -3
      vertex 22.5582 69.4271 -3
      vertex 25.5847 64.6195 -3
    endloop
  endfacet
  facet normal 0 0 -1
    outer loop
      vertex 21.4767 66.0984 -3
      vertex 18.1544 70.7066 -3
      vertex 22.5582 69.4271 -3
    endloop
  endfacet
  facet normal 0 0 -1
    outer loop
      vertex 17.2839 67.3165 -3
      vertex 18.1544 70.7066 -3
      vertex 21.4767 66.0984 -3
    endloop
  endfacet
  facet normal 0 0 -1
    outer loop
      vertex 17.2839 67.3165 -3
      vertex 13.6788 71.707 -3
      vertex 18.1544 70.7066 -3
    endloop
  endfacet
  facet normal 0 0 -1
    outer loop
      vertex 13.023 68.269 -3
      vertex 13.6788 71.707 -3
      vertex 17.2839 67.3165 -3
    endloop
  endfacet
  facet normal 0 0 -1
    outer loop
      vertex 13.023 68.269 -3
      vertex 9.14933 72.4244 -3
      vertex 13.6788 71.707 -3
    endloop
  endfacet
  facet normal 0 0 -1
    outer loop
      vertex 8.71066 68.952 -3
      vertex 9.14933 72.4244 -3
      vertex 13.023 68.269 -3
    endloop
  endfacet
  facet normal 0 0 -1
    outer loop
      vertex 8.71066 68.952 -3
      vertex 4.58371 72.8559 -3
      vertex 9.14933 72.4244 -3
    endloop
  endfacet
  facet normal 0 0 -1
    outer loop
      vertex 4.36394 69.3629 -3
      vertex 4.58371 72.8559 -3
      vertex 8.71066 68.952 -3
    endloop
  endfacet
  facet normal 0 0 -1
    outer loop
      vertex 0 69.5 -3
      vertex 4.58371 72.8559 -3
      vertex 4.36394 69.3629 -3
    endloop
  endfacet
  facet normal 0 0 -1
    outer loop
      vertex 0 69.5 -3
      vertex 0 73 -3
      vertex 4.58371 72.8559 -3
    endloop
  endfacet
  facet normal 0 0 -1
    outer loop
      vertex -4.36394 69.3629 -3
      vertex 0 73 -3
      vertex 0 69.5 -3
    endloop
  endfacet
  facet normal 0 0 -1
    outer loop
      vertex -4.36394 69.3629 -3
      vertex -4.58371 72.8559 -3
      vertex 0 73 -3
    endloop
  endfacet
  facet normal 0 0 -1
    outer loop
      vertex -8.71066 68.952 -3
      vertex -4.58371 72.8559 -3
      vertex -4.36394 69.3629 -3
    endloop
  endfacet
  facet normal 0 0 -1
    outer loop
      vertex -8.71066 68.952 -3
      vertex -9.14933 72.4244 -3
      vertex -4.58371 72.8559 -3
    endloop
  endfacet
  facet normal 0 0 -1
    outer loop
      vertex -13.023 68.269 -3
      vertex -9.14933 72.4244 -3
      vertex -8.71066 68.952 -3
    endloop
  endfacet
  facet normal 0 0 -1
    outer loop
      vertex -13.023 68.269 -3
      vertex -13.6788 71.707 -3
      vertex -9.14933 72.4244 -3
    endloop
  endfacet
  facet normal 0 0 -1
    outer loop
      vertex -17.2839 67.3165 -3
      vertex -13.6788 71.707 -3
      vertex -13.023 68.269 -3
    endloop
  endfacet
  facet normal 0 0 -1
    outer loop
      vertex -17.2839 67.3165 -3
      vertex -18.1544 70.7066 -3
      vertex -13.6788 71.707 -3
    endloop
  endfacet
  facet normal 0 0 -1
    outer loop
      vertex -21.4767 66.0984 -3
      vertex -18.1544 70.7066 -3
      vertex -17.2839 67.3165 -3
    endloop
  endfacet
  facet normal 0 0 -1
    outer loop
      vertex -21.4767 66.0984 -3
      vertex -22.5582 69.4271 -3
      vertex -18.1544 70.7066 -3
    endloop
  endfacet
  facet normal 0 0 -1
    outer loop
      vertex -25.5847 64.6195 -3
      vertex -22.5582 69.4271 -3
      vertex -21.4767 66.0984 -3
    endloop
  endfacet
  facet normal 0 0 -1
    outer loop
      vertex -25.5847 64.6195 -3
      vertex -26.8731 67.8737 -3
      vertex -22.5582 69.4271 -3
    endloop
  endfacet
  facet normal 0 0 -1
    outer loop
      vertex -29.5917 62.8855 -3
      vertex -26.8731 67.8737 -3
      vertex -25.5847 64.6195 -3
    endloop
  endfacet
  facet normal 0 0 -1
    outer loop
      vertex -29.5917 62.8855 -3
      vertex -31.0819 66.0524 -3
      vertex -26.8731 67.8737 -3
    endloop
  endfacet
  facet normal 0 0 -1
    outer loop
      vertex -33.4819 60.9033 -3
      vertex -31.0819 66.0524 -3
      vertex -29.5917 62.8855 -3
    endloop
  endfacet
  facet normal 0 0 -1
    outer loop
      vertex -33.4819 60.9033 -3
      vertex -35.168 63.9704 -3
      vertex -31.0819 66.0524 -3
    endloop
  endfacet
  facet normal 0 0 -1
    outer loop
      vertex -37.24 58.6808 -3
      vertex -35.168 63.9704 -3
      vertex -33.4819 60.9033 -3
    endloop
  endfacet
  facet normal 0 0 -1
    outer loop
      vertex -37.24 58.6808 -3
      vertex -39.1154 61.6359 -3
      vertex -35.168 63.9704 -3
    endloop
  endfacet
  facet normal 0 0 -1
    outer loop
      vertex -40.8511 56.2267 -3
      vertex -39.1154 61.6359 -3
      vertex -37.24 58.6808 -3
    endloop
  endfacet
  facet normal 0 0 -1
    outer loop
      vertex -40.8511 56.2267 -3
      vertex -42.9083 59.0582 -3
      vertex -39.1154 61.6359 -3
    endloop
  endfacet
  facet normal 0 0 -1
    outer loop
      vertex -44.301 53.5507 -3
      vertex -42.9083 59.0582 -3
      vertex -40.8511 56.2267 -3
    endloop
  endfacet
  facet normal 0 0 -1
    outer loop
      vertex -44.301 53.5507 -3
      vertex -46.532 56.2475 -3
      vertex -42.9083 59.0582 -3
    endloop
  endfacet
  facet normal 0 0 -1
    outer loop
      vertex -47.576 50.6633 -3
      vertex -46.532 56.2475 -3
      vertex -44.301 53.5507 -3
    endloop
  endfacet
  facet normal 0 0 -1
    outer loop
      vertex -47.576 50.6633 -3
      vertex -49.9719 53.2147 -3
      vertex -46.532 56.2475 -3
    endloop
  endfacet
  facet normal 0 0 -1
    outer loop
      vertex -50.6633 47.576 -3
      vertex -49.9719 53.2147 -3
      vertex -47.576 50.6633 -3
    endloop
  endfacet
  facet normal 0 0 -1
    outer loop
      vertex -50.6633 47.576 -3
      vertex -53.2147 49.9719 -3
      vertex -49.9719 53.2147 -3
    endloop
  endfacet
  facet normal 0 0 -1
    outer loop
      vertex -53.5507 44.301 -3
      vertex -53.2147 49.9719 -3
      vertex -50.6633 47.576 -3
    endloop
  endfacet
  facet normal 0 0 -1
    outer loop
      vertex -56.2475 46.532 -3
      vertex -53.5507 44.301 -3
      vertex -56.2267 40.8511 -3
    endloop
  endfacet
  facet normal 0 0 -1
    outer loop
      vertex -53.5507 44.301 -3
      vertex -56.2475 46.532 -3
      vertex -53.2147 49.9719 -3
    endloop
  endfacet
  facet normal 0 0 -1
    outer loop
      vertex -59.0582 42.9083 -3
      vertex -56.2267 40.8511 -3
      vertex -58.6808 37.24 -3
    endloop
  endfacet
  facet normal 0 0 -1
    outer loop
      vertex -56.2267 40.8511 -3
      vertex -59.0582 42.9083 -3
      vertex -56.2475 46.532 -3
    endloop
  endfacet
  facet normal 0 0 -1
    outer loop
      vertex -61.6359 39.1154 -3
      vertex -58.6808 37.24 -3
      vertex -60.9033 33.4819 -3
    endloop
  endfacet
  facet normal 0 0 -1
    outer loop
      vertex -58.6808 37.24 -3
      vertex -61.6359 39.1154 -3
      vertex -59.0582 42.9083 -3
    endloop
  endfacet
  facet normal 0 0 -1
    outer loop
      vertex -63.9704 35.168 -3
      vertex -60.9033 33.4819 -3
      vertex -62.8855 29.5917 -3
    endloop
  endfacet
  facet normal 0 0 -1
    outer loop
      vertex -60.9033 33.4819 -3
      vertex -63.9704 35.168 -3
      vertex -61.6359 39.1154 -3
    endloop
  endfacet
  facet normal 0 0 -1
    outer loop
      vertex -66.0524 31.0819 -3
      vertex -62.8855 29.5917 -3
      vertex -64.6195 25.5847 -3
    endloop
  endfacet
  facet normal 0 0 -1
    outer loop
      vertex -62.8855 29.5917 -3
      vertex -66.0524 31.0819 -3
      vertex -63.9704 35.168 -3
    endloop
  endfacet
  facet normal 0 0 -1
    outer loop
      vertex -67.8737 26.8731 -3
      vertex -64.6195 25.5847 -3
      vertex -66.0984 21.4767 -3
    endloop
  endfacet
  facet normal 0 0 -1
    outer loop
      vertex -69.4271 22.5582 -3
      vertex -66.0984 21.4767 -3
      vertex -67.3165 17.2839 -3
    endloop
  endfacet
  facet normal 0 0 -1
    outer loop
      vertex -64.6195 25.5847 -3
      vertex -67.8737 26.8731 -3
      vertex -66.0524 31.0819 -3
    endloop
  endfacet
  facet normal 0 0 -1
    outer loop
      vertex -70.7066 18.1544 -3
      vertex -67.3165 17.2839 -3
      vertex -68.269 13.023 -3
    endloop
  endfacet
  facet normal 0 0 -1
    outer loop
      vertex -71.707 13.6788 -3
      vertex -68.269 13.023 -3
      vertex -68.952 8.71066 -3
    endloop
  endfacet
  facet normal 0 0 -1
    outer loop
      vertex -72.4244 9.14933 -3
      vertex -68.952 8.71066 -3
      vertex -69.3629 4.36394 -3
    endloop
  endfacet
  facet normal 0 0 -1
    outer loop
      vertex -66.0984 21.4767 -3
      vertex -69.4271 22.5582 -3
      vertex -67.8737 26.8731 -3
    endloop
  endfacet
  facet normal 0 0 -1
    outer loop
      vertex -72.8559 4.58371 -3
      vertex -69.3629 4.36394 -3
      vertex -69.5 0 -3
    endloop
  endfacet
  facet normal -0 0 -1
    outer loop
      vertex -68.952 -8.71066 -3
      vertex -72.4244 -9.14933 -3
      vertex -69.3629 -4.36394 -3
    endloop
  endfacet
  facet normal 0 0 -1
    outer loop
      vertex -67.3165 17.2839 -3
      vertex -70.7066 18.1544 -3
      vertex -69.4271 22.5582 -3
    endloop
  endfacet
  facet normal 0 0 -1
    outer loop
      vertex -72.8559 -4.58371 -3
      vertex -69.3629 -4.36394 -3
      vertex -72.4244 -9.14933 -3
    endloop
  endfacet
  facet normal 0 0 -1
    outer loop
      vertex -68.269 13.023 -3
      vertex -71.707 13.6788 -3
      vertex -70.7066 18.1544 -3
    endloop
  endfacet
  facet normal -0 0 -1
    outer loop
      vertex -69.3629 -4.36394 -3
      vertex -72.8559 -4.58371 -3
      vertex -69.5 0 -3
    endloop
  endfacet
  facet normal 0 0 -1
    outer loop
      vertex -68.952 8.71066 -3
      vertex -72.4244 9.14933 -3
      vertex -71.707 13.6788 -3
    endloop
  endfacet
  facet normal 0 0 -1
    outer loop
      vertex -73 0 -3
      vertex -69.5 0 -3
      vertex -72.8559 -4.58371 -3
    endloop
  endfacet
  facet normal 0 0 -1
    outer loop
      vertex -69.3629 4.36394 -3
      vertex -72.8559 4.58371 -3
      vertex -72.4244 9.14933 -3
    endloop
  endfacet
  facet normal 0 0 -1
    outer loop
      vertex -69.5 0 -3
      vertex -73 0 -3
      vertex -72.8559 4.58371 -3
    endloop
  endfacet
  facet normal 0.995564 0.0940914 0
    outer loop
      vertex 72.8559 4.58371 5
      vertex 72.4244 9.14933 -3
      vertex 72.4244 9.14933 5
    endloop
  endfacet
  facet normal 0.995564 0.0940914 0
    outer loop
      vertex 72.4244 9.14933 -3
      vertex 72.8559 4.58371 5
      vertex 72.8559 4.58371 -3
    endloop
  endfacet
  facet normal 0.987688 0.156435 0
    outer loop
      vertex 72.4244 9.14933 5
      vertex 71.707 13.6788 -3
      vertex 71.707 13.6788 5
    endloop
  endfacet
  facet normal 0.987688 0.156435 0
    outer loop
      vertex 71.707 13.6788 -3
      vertex 72.4244 9.14933 5
      vertex 72.4244 9.14933 -3
    endloop
  endfacet
  facet normal 0.940885 0.338726 0
    outer loop
      vertex 69.4271 22.5582 5
      vertex 67.8737 26.8731 -3
      vertex 67.8737 26.8731 5
    endloop
  endfacet
  facet normal 0.940885 0.338726 0
    outer loop
      vertex 67.8737 26.8731 -3
      vertex 69.4271 22.5582 5
      vertex 69.4271 22.5582 -3
    endloop
  endfacet
  facet normal 0.707107 0.707107 0
    outer loop
      vertex 53.2147 49.9719 5
      vertex 49.9719 53.2147 -3
      vertex 49.9719 53.2147 5
    endloop
  endfacet
  facet normal 0.707107 0.707107 0
    outer loop
      vertex 49.9719 53.2147 -3
      vertex 53.2147 49.9719 5
      vertex 53.2147 49.9719 -3
    endloop
  endfacet
  facet normal 0.790169 0.612889 0
    outer loop
      vertex 59.0582 42.9083 5
      vertex 56.2475 46.532 -3
      vertex 56.2475 46.532 5
    endloop
  endfacet
  facet normal 0.790169 0.612889 0
    outer loop
      vertex 56.2475 46.532 -3
      vertex 59.0582 42.9083 5
      vertex 59.0582 42.9083 -3
    endloop
  endfacet
  facet normal 0.860741 0.509044 0
    outer loop
      vertex 63.9704 35.168 5
      vertex 61.6359 39.1154 -3
      vertex 61.6359 39.1154 5
    endloop
  endfacet
  facet normal 0.860741 0.509044 0
    outer loop
      vertex 61.6359 39.1154 -3
      vertex 63.9704 35.168 5
      vertex 63.9704 35.168 -3
    endloop
  endfacet
  facet normal 0.827076 0.562091 0
    outer loop
      vertex 61.6359 39.1154 5
      vertex 59.0582 42.9083 -3
      vertex 59.0582 42.9083 5
    endloop
  endfacet
  facet normal 0.827076 0.562091 0
    outer loop
      vertex 59.0582 42.9083 -3
      vertex 61.6359 39.1154 5
      vertex 61.6359 39.1154 -3
    endloop
  endfacet
  facet normal 0.0314504 0.999505 0
    outer loop
      vertex 4.58371 72.8559 5
      vertex 3.5 72.89 1.85
      vertex 3.5 72.89 5
    endloop
  endfacet
  facet normal 0.0314504 0.999505 -0
    outer loop
      vertex 4.58371 72.8559 -3
      vertex 3.5 72.89 1.85
      vertex 4.58371 72.8559 5
    endloop
  endfacet
  facet normal 0.0314219 0.999506 -6.37983e-06
    outer loop
      vertex 0 73 -3
      vertex 3.5 72.89 1.85
      vertex 4.58371 72.8559 -3
    endloop
  endfacet
  facet normal 0.0314131 0.999506 0
    outer loop
      vertex 3.5 72.89 1.85
      vertex 0 73 -3
      vertex 0 73 1.85
    endloop
  endfacet
  facet normal 0.338726 0.940885 -0
    outer loop
      vertex 26.8731 67.8737 -3
      vertex 22.5582 69.4271 5
      vertex 26.8731 67.8737 5
    endloop
  endfacet
  facet normal 0.338726 0.940885 0
    outer loop
      vertex 22.5582 69.4271 5
      vertex 26.8731 67.8737 -3
      vertex 22.5582 69.4271 -3
    endloop
  endfacet
  facet normal 0.156435 0.987688 -0
    outer loop
      vertex 13.6788 71.707 -3
      vertex 9.14933 72.4244 5
      vertex 13.6788 71.707 5
    endloop
  endfacet
  facet normal 0.156435 0.987688 0
    outer loop
      vertex 9.14933 72.4244 5
      vertex 13.6788 71.707 -3
      vertex 9.14933 72.4244 -3
    endloop
  endfacet
  facet normal 0.279007 0.960289 -0
    outer loop
      vertex 22.5582 69.4271 -3
      vertex 18.1544 70.7066 5
      vertex 22.5582 69.4271 5
    endloop
  endfacet
  facet normal 0.279007 0.960289 0
    outer loop
      vertex 18.1544 70.7066 5
      vertex 22.5582 69.4271 -3
      vertex 18.1544 70.7066 -3
    endloop
  endfacet
  facet normal 0.397146 0.917755 -0
    outer loop
      vertex 31.0819 66.0524 -3
      vertex 26.8731 67.8737 5
      vertex 31.0819 66.0524 5
    endloop
  endfacet
  facet normal 0.397146 0.917755 0
    outer loop
      vertex 26.8731 67.8737 5
      vertex 31.0819 66.0524 -3
      vertex 26.8731 67.8737 -3
    endloop
  endfacet
  facet normal 0.509044 0.860741 -0
    outer loop
      vertex 39.1154 61.6359 -3
      vertex 35.168 63.9704 5
      vertex 39.1154 61.6359 5
    endloop
  endfacet
  facet normal 0.509044 0.860741 0
    outer loop
      vertex 35.168 63.9704 5
      vertex 39.1154 61.6359 -3
      vertex 35.168 63.9704 -3
    endloop
  endfacet
  facet normal 0.661327 0.750098 -0
    outer loop
      vertex 49.9719 53.2147 -3
      vertex 46.532 56.2475 5
      vertex 49.9719 53.2147 5
    endloop
  endfacet
  facet normal 0.661327 0.750098 0
    outer loop
      vertex 46.532 56.2475 5
      vertex 49.9719 53.2147 -3
      vertex 46.532 56.2475 -3
    endloop
  endfacet
  facet normal -0.999506 0.0314219 0
    outer loop
      vertex -73 0 -3
      vertex -72.8559 4.58371 5
      vertex -72.8559 4.58371 -3
    endloop
  endfacet
  facet normal -0.999506 0.0314219 0
    outer loop
      vertex -72.8559 4.58371 5
      vertex -73 0 -3
      vertex -73 0 5
    endloop
  endfacet
  facet normal -0.750098 0.661327 0
    outer loop
      vertex -56.2475 46.532 -3
      vertex -53.2147 49.9719 5
      vertex -53.2147 49.9719 -3
    endloop
  endfacet
  facet normal -0.750098 0.661327 0
    outer loop
      vertex -53.2147 49.9719 5
      vertex -56.2475 46.532 -3
      vertex -56.2475 46.532 5
    endloop
  endfacet
  facet normal -0.860741 0.509044 0
    outer loop
      vertex -63.9704 35.168 -3
      vertex -61.6359 39.1154 5
      vertex -61.6359 39.1154 -3
    endloop
  endfacet
  facet normal -0.860741 0.509044 0
    outer loop
      vertex -61.6359 39.1154 5
      vertex -63.9704 35.168 -3
      vertex -63.9704 35.168 5
    endloop
  endfacet
  facet normal -0.917755 0.397146 0
    outer loop
      vertex -67.8737 26.8731 -3
      vertex -66.0524 31.0819 5
      vertex -66.0524 31.0819 -3
    endloop
  endfacet
  facet normal -0.917755 0.397146 0
    outer loop
      vertex -66.0524 31.0819 5
      vertex -67.8737 26.8731 -3
      vertex -67.8737 26.8731 5
    endloop
  endfacet
  facet normal -0.940885 0.338726 0
    outer loop
      vertex -69.4271 22.5582 -3
      vertex -67.8737 26.8731 5
      vertex -67.8737 26.8731 -3
    endloop
  endfacet
  facet normal -0.940885 0.338726 0
    outer loop
      vertex -67.8737 26.8731 5
      vertex -69.4271 22.5582 -3
      vertex -69.4271 22.5582 5
    endloop
  endfacet
  facet normal -0.987688 0.156435 0
    outer loop
      vertex -72.4244 9.14933 -3
      vertex -71.707 13.6788 5
      vertex -71.707 13.6788 -3
    endloop
  endfacet
  facet normal -0.987688 0.156435 0
    outer loop
      vertex -71.707 13.6788 5
      vertex -72.4244 9.14933 -3
      vertex -72.4244 9.14933 5
    endloop
  endfacet
  facet normal -0.960289 0.279007 0
    outer loop
      vertex -70.7066 18.1544 -3
      vertex -69.4271 22.5582 5
      vertex -69.4271 22.5582 -3
    endloop
  endfacet
  facet normal -0.960289 0.279007 0
    outer loop
      vertex -69.4271 22.5582 5
      vertex -70.7066 18.1544 -3
      vertex -70.7066 18.1544 5
    endloop
  endfacet
  facet normal -0.661327 0.750098 0
    outer loop
      vertex -46.532 56.2475 -3
      vertex -49.9719 53.2147 5
      vertex -46.532 56.2475 5
    endloop
  endfacet
  facet normal -0.661327 0.750098 0
    outer loop
      vertex -49.9719 53.2147 5
      vertex -46.532 56.2475 -3
      vertex -49.9719 53.2147 -3
    endloop
  endfacet
  facet normal -0.397146 0.917755 0
    outer loop
      vertex -26.8731 67.8737 -3
      vertex -31.0819 66.0524 5
      vertex -26.8731 67.8737 5
    endloop
  endfacet
  facet normal -0.397146 0.917755 0
    outer loop
      vertex -31.0819 66.0524 5
      vertex -26.8731 67.8737 -3
      vertex -31.0819 66.0524 -3
    endloop
  endfacet
  facet normal -0.562091 0.827076 0
    outer loop
      vertex -39.1154 61.6359 -3
      vertex -42.9083 59.0582 5
      vertex -39.1154 61.6359 5
    endloop
  endfacet
  facet normal -0.562091 0.827076 0
    outer loop
      vertex -42.9083 59.0582 5
      vertex -39.1154 61.6359 -3
      vertex -42.9083 59.0582 -3
    endloop
  endfacet
  facet normal -0.453995 0.891004 0
    outer loop
      vertex -31.0819 66.0524 -3
      vertex -35.168 63.9704 5
      vertex -31.0819 66.0524 5
    endloop
  endfacet
  facet normal -0.453995 0.891004 0
    outer loop
      vertex -35.168 63.9704 5
      vertex -31.0819 66.0524 -3
      vertex -35.168 63.9704 -3
    endloop
  endfacet
  facet normal -0.338726 0.940885 0
    outer loop
      vertex -22.5582 69.4271 -3
      vertex -26.8731 67.8737 5
      vertex -22.5582 69.4271 5
    endloop
  endfacet
  facet normal -0.338726 0.940885 0
    outer loop
      vertex -26.8731 67.8737 5
      vertex -22.5582 69.4271 -3
      vertex -26.8731 67.8737 -3
    endloop
  endfacet
  facet normal -0.21814 0.975917 0
    outer loop
      vertex -13.6788 71.707 -3
      vertex -18.1544 70.7066 5
      vertex -13.6788 71.707 5
    endloop
  endfacet
  facet normal -0.21814 0.975917 0
    outer loop
      vertex -18.1544 70.7066 5
      vertex -13.6788 71.707 -3
      vertex -18.1544 70.7066 -3
    endloop
  endfacet
  facet normal -0.0314131 0.999506 0
    outer loop
      vertex 0 73 1.85
      vertex 0 73 -3
      vertex -3.5 72.89 1.85
    endloop
  endfacet
  facet normal -0.0314504 0.999505 0
    outer loop
      vertex -3.5 72.89 1.85
      vertex -4.58371 72.8559 5
      vertex -3.5 72.89 5
    endloop
  endfacet
  facet normal -0.0314504 0.999505 0
    outer loop
      vertex -3.5 72.89 1.85
      vertex -4.58371 72.8559 -3
      vertex -4.58371 72.8559 5
    endloop
  endfacet
  facet normal -0.0314219 0.999506 -6.37983e-06
    outer loop
      vertex -4.58371 72.8559 -3
      vertex -3.5 72.89 1.85
      vertex 0 73 -3
    endloop
  endfacet
  facet normal 0.999506 0.0314219 0
    outer loop
      vertex 73 0 5
      vertex 72.8559 4.58371 -3
      vertex 72.8559 4.58371 5
    endloop
  endfacet
  facet normal 0.999506 0.0314219 0
    outer loop
      vertex 72.8559 4.58371 -3
      vertex 73 0 5
      vertex 73 0 -3
    endloop
  endfacet
  facet normal 0.0314219 -0.999506 0
    outer loop
      vertex 0 -73 -3
      vertex 4.58371 -72.8559 5
      vertex 0 -73 5
    endloop
  endfacet
  facet normal 0.0314219 -0.999506 0
    outer loop
      vertex 4.58371 -72.8559 5
      vertex 0 -73 -3
      vertex 4.58371 -72.8559 -3
    endloop
  endfacet
  facet normal 0.279007 -0.960289 0
    outer loop
      vertex 18.1544 -70.7066 -3
      vertex 22.5582 -69.4271 5
      vertex 18.1544 -70.7066 5
    endloop
  endfacet
  facet normal 0.279007 -0.960289 0
    outer loop
      vertex 22.5582 -69.4271 5
      vertex 18.1544 -70.7066 -3
      vertex 22.5582 -69.4271 -3
    endloop
  endfacet
  facet normal 0.338726 -0.940885 0
    outer loop
      vertex 22.5582 -69.4271 -3
      vertex 26.8731 -67.8737 5
      vertex 22.5582 -69.4271 5
    endloop
  endfacet
  facet normal 0.338726 -0.940885 0
    outer loop
      vertex 26.8731 -67.8737 5
      vertex 22.5582 -69.4271 -3
      vertex 26.8731 -67.8737 -3
    endloop
  endfacet
  facet normal 0.707107 -0.707107 0
    outer loop
      vertex 49.9719 -53.2147 5
      vertex 53.2147 -49.9719 -3
      vertex 53.2147 -49.9719 5
    endloop
  endfacet
  facet normal 0.707107 -0.707107 0
    outer loop
      vertex 53.2147 -49.9719 -3
      vertex 49.9719 -53.2147 5
      vertex 49.9719 -53.2147 -3
    endloop
  endfacet
  facet normal 0.509044 -0.860741 0
    outer loop
      vertex 35.168 -63.9704 -3
      vertex 39.1154 -61.6359 5
      vertex 35.168 -63.9704 5
    endloop
  endfacet
  facet normal 0.509044 -0.860741 0
    outer loop
      vertex 39.1154 -61.6359 5
      vertex 35.168 -63.9704 -3
      vertex 39.1154 -61.6359 -3
    endloop
  endfacet
  facet normal 0.397146 -0.917755 0
    outer loop
      vertex 26.8731 -67.8737 -3
      vertex 31.0819 -66.0524 5
      vertex 26.8731 -67.8737 5
    endloop
  endfacet
  facet normal 0.397146 -0.917755 0
    outer loop
      vertex 31.0819 -66.0524 5
      vertex 26.8731 -67.8737 -3
      vertex 31.0819 -66.0524 -3
    endloop
  endfacet
  facet normal 0.750098 -0.661327 0
    outer loop
      vertex 53.2147 -49.9719 5
      vertex 56.2475 -46.532 -3
      vertex 56.2475 -46.532 5
    endloop
  endfacet
  facet normal 0.750098 -0.661327 0
    outer loop
      vertex 56.2475 -46.532 -3
      vertex 53.2147 -49.9719 5
      vertex 53.2147 -49.9719 -3
    endloop
  endfacet
  facet normal 0.790169 -0.612889 0
    outer loop
      vertex 56.2475 -46.532 5
      vertex 59.0582 -42.9083 -3
      vertex 59.0582 -42.9083 5
    endloop
  endfacet
  facet normal 0.790169 -0.612889 0
    outer loop
      vertex 59.0582 -42.9083 -3
      vertex 56.2475 -46.532 5
      vertex 56.2475 -46.532 -3
    endloop
  endfacet
  facet normal 0.891004 -0.453995 0
    outer loop
      vertex 63.9704 -35.168 5
      vertex 66.0524 -31.0819 -3
      vertex 66.0524 -31.0819 5
    endloop
  endfacet
  facet normal 0.891004 -0.453995 0
    outer loop
      vertex 66.0524 -31.0819 -3
      vertex 63.9704 -35.168 5
      vertex 63.9704 -35.168 -3
    endloop
  endfacet
  facet normal 0.917755 -0.397146 0
    outer loop
      vertex 66.0524 -31.0819 5
      vertex 67.8737 -26.8731 -3
      vertex 67.8737 -26.8731 5
    endloop
  endfacet
  facet normal 0.917755 -0.397146 0
    outer loop
      vertex 67.8737 -26.8731 -3
      vertex 66.0524 -31.0819 5
      vertex 66.0524 -31.0819 -3
    endloop
  endfacet
  facet normal 0.940885 -0.338726 0
    outer loop
      vertex 67.8737 -26.8731 5
      vertex 69.4271 -22.5582 -3
      vertex 69.4271 -22.5582 5
    endloop
  endfacet
  facet normal 0.940885 -0.338726 0
    outer loop
      vertex 69.4271 -22.5582 -3
      vertex 67.8737 -26.8731 5
      vertex 67.8737 -26.8731 -3
    endloop
  endfacet
  facet normal 0.987688 -0.156435 0
    outer loop
      vertex 71.707 -13.6788 5
      vertex 72.4244 -9.14933 -3
      vertex 72.4244 -9.14933 5
    endloop
  endfacet
  facet normal 0.987688 -0.156435 0
    outer loop
      vertex 72.4244 -9.14933 -3
      vertex 71.707 -13.6788 5
      vertex 71.707 -13.6788 -3
    endloop
  endfacet
  facet normal 0.995564 -0.0940914 0
    outer loop
      vertex 72.4244 -9.14933 5
      vertex 72.8559 -4.58371 -3
      vertex 72.8559 -4.58371 5
    endloop
  endfacet
  facet normal 0.995564 -0.0940914 0
    outer loop
      vertex 72.8559 -4.58371 -3
      vertex 72.4244 -9.14933 5
      vertex 72.4244 -9.14933 -3
    endloop
  endfacet
  facet normal 0.960289 -0.279007 0
    outer loop
      vertex 69.4271 -22.5582 5
      vertex 70.7066 -18.1544 -3
      vertex 70.7066 -18.1544 5
    endloop
  endfacet
  facet normal 0.960289 -0.279007 0
    outer loop
      vertex 70.7066 -18.1544 -3
      vertex 69.4271 -22.5582 5
      vertex 69.4271 -22.5582 -3
    endloop
  endfacet
  facet normal -0.0314219 -0.999506 0
    outer loop
      vertex -4.58371 -72.8559 -3
      vertex 0 -73 5
      vertex -4.58371 -72.8559 5
    endloop
  endfacet
  facet normal -0.0314219 -0.999506 -0
    outer loop
      vertex 0 -73 5
      vertex -4.58371 -72.8559 -3
      vertex 0 -73 -3
    endloop
  endfacet
  facet normal -0.707107 -0.707107 0
    outer loop
      vertex -49.9719 -53.2147 -3
      vertex -53.2147 -49.9719 5
      vertex -53.2147 -49.9719 -3
    endloop
  endfacet
  facet normal -0.707107 -0.707107 0
    outer loop
      vertex -53.2147 -49.9719 5
      vertex -49.9719 -53.2147 -3
      vertex -49.9719 -53.2147 5
    endloop
  endfacet
  facet normal -0.21814 -0.975917 0
    outer loop
      vertex -18.1544 -70.7066 -3
      vertex -13.6788 -71.707 5
      vertex -18.1544 -70.7066 5
    endloop
  endfacet
  facet normal -0.21814 -0.975917 -0
    outer loop
      vertex -13.6788 -71.707 5
      vertex -18.1544 -70.7066 -3
      vertex -13.6788 -71.707 -3
    endloop
  endfacet
  facet normal -0.562091 -0.827076 0
    outer loop
      vertex -42.9083 -59.0582 -3
      vertex -39.1154 -61.6359 5
      vertex -42.9083 -59.0582 5
    endloop
  endfacet
  facet normal -0.562091 -0.827076 -0
    outer loop
      vertex -39.1154 -61.6359 5
      vertex -42.9083 -59.0582 -3
      vertex -39.1154 -61.6359 -3
    endloop
  endfacet
  facet normal -0.453995 -0.891004 0
    outer loop
      vertex -35.168 -63.9704 -3
      vertex -31.0819 -66.0524 5
      vertex -35.168 -63.9704 5
    endloop
  endfacet
  facet normal -0.453995 -0.891004 -0
    outer loop
      vertex -31.0819 -66.0524 5
      vertex -35.168 -63.9704 -3
      vertex -31.0819 -66.0524 -3
    endloop
  endfacet
  facet normal -0.661327 -0.750098 0
    outer loop
      vertex -49.9719 -53.2147 -3
      vertex -46.532 -56.2475 5
      vertex -49.9719 -53.2147 5
    endloop
  endfacet
  facet normal -0.661327 -0.750098 -0
    outer loop
      vertex -46.532 -56.2475 5
      vertex -49.9719 -53.2147 -3
      vertex -46.532 -56.2475 -3
    endloop
  endfacet
  facet normal -0.860741 -0.509044 0
    outer loop
      vertex -61.6359 -39.1154 -3
      vertex -63.9704 -35.168 5
      vertex -63.9704 -35.168 -3
    endloop
  endfacet
  facet normal -0.860741 -0.509044 0
    outer loop
      vertex -63.9704 -35.168 5
      vertex -61.6359 -39.1154 -3
      vertex -61.6359 -39.1154 5
    endloop
  endfacet
  facet normal -0.987688 -0.156435 0
    outer loop
      vertex -71.707 -13.6788 -3
      vertex -72.4244 -9.14933 5
      vertex -72.4244 -9.14933 -3
    endloop
  endfacet
  facet normal -0.987688 -0.156435 0
    outer loop
      vertex -72.4244 -9.14933 5
      vertex -71.707 -13.6788 -3
      vertex -71.707 -13.6788 5
    endloop
  endfacet
  facet normal -0.999506 -0.0314219 0
    outer loop
      vertex -72.8559 -4.58371 -3
      vertex -73 0 5
      vertex -73 0 -3
    endloop
  endfacet
  facet normal -0.999506 -0.0314219 0
    outer loop
      vertex -73 0 5
      vertex -72.8559 -4.58371 -3
      vertex -72.8559 -4.58371 5
    endloop
  endfacet
  facet normal -0.960289 -0.279007 0
    outer loop
      vertex -69.4271 -22.5582 -3
      vertex -70.7066 -18.1544 5
      vertex -70.7066 -18.1544 -3
    endloop
  endfacet
  facet normal -0.960289 -0.279007 0
    outer loop
      vertex -70.7066 -18.1544 5
      vertex -69.4271 -22.5582 -3
      vertex -69.4271 -22.5582 5
    endloop
  endfacet
  facet normal -0.707107 0.707107 0
    outer loop
      vertex -53.2147 49.9719 -3
      vertex -49.9719 53.2147 5
      vertex -49.9719 53.2147 -3
    endloop
  endfacet
  facet normal -0.707107 0.707107 0
    outer loop
      vertex -49.9719 53.2147 5
      vertex -53.2147 49.9719 -3
      vertex -53.2147 49.9719 5
    endloop
  endfacet
  facet normal -0.891004 0.453995 0
    outer loop
      vertex -66.0524 31.0819 -3
      vertex -63.9704 35.168 5
      vertex -63.9704 35.168 -3
    endloop
  endfacet
  facet normal -0.891004 0.453995 0
    outer loop
      vertex -63.9704 35.168 5
      vertex -66.0524 31.0819 -3
      vertex -66.0524 31.0819 5
    endloop
  endfacet
  facet normal 0.0940914 -0.995564 0
    outer loop
      vertex 4.58371 -72.8559 -3
      vertex 9.14933 -72.4244 5
      vertex 4.58371 -72.8559 5
    endloop
  endfacet
  facet normal 0.0940914 -0.995564 0
    outer loop
      vertex 9.14933 -72.4244 5
      vertex 4.58371 -72.8559 -3
      vertex 9.14933 -72.4244 -3
    endloop
  endfacet
  facet normal 0.453995 -0.891004 0
    outer loop
      vertex 31.0819 -66.0524 -3
      vertex 35.168 -63.9704 5
      vertex 31.0819 -66.0524 5
    endloop
  endfacet
  facet normal 0.453995 -0.891004 0
    outer loop
      vertex 35.168 -63.9704 5
      vertex 31.0819 -66.0524 -3
      vertex 35.168 -63.9704 -3
    endloop
  endfacet
  facet normal 0.562091 -0.827076 0
    outer loop
      vertex 39.1154 -61.6359 -3
      vertex 42.9083 -59.0582 5
      vertex 39.1154 -61.6359 5
    endloop
  endfacet
  facet normal 0.562091 -0.827076 0
    outer loop
      vertex 42.9083 -59.0582 5
      vertex 39.1154 -61.6359 -3
      vertex 42.9083 -59.0582 -3
    endloop
  endfacet
  facet normal -0.279007 -0.960289 0
    outer loop
      vertex -22.5582 -69.4271 -3
      vertex -18.1544 -70.7066 5
      vertex -22.5582 -69.4271 5
    endloop
  endfacet
  facet normal -0.279007 -0.960289 -0
    outer loop
      vertex -18.1544 -70.7066 5
      vertex -22.5582 -69.4271 -3
      vertex -18.1544 -70.7066 -3
    endloop
  endfacet
  facet normal -0.509044 -0.860741 0
    outer loop
      vertex -39.1154 -61.6359 -3
      vertex -35.168 -63.9704 5
      vertex -39.1154 -61.6359 5
    endloop
  endfacet
  facet normal -0.509044 -0.860741 -0
    outer loop
      vertex -35.168 -63.9704 5
      vertex -39.1154 -61.6359 -3
      vertex -35.168 -63.9704 -3
    endloop
  endfacet
  facet normal -0.397146 -0.917755 0
    outer loop
      vertex -31.0819 -66.0524 -3
      vertex -26.8731 -67.8737 5
      vertex -31.0819 -66.0524 5
    endloop
  endfacet
  facet normal -0.397146 -0.917755 -0
    outer loop
      vertex -26.8731 -67.8737 5
      vertex -31.0819 -66.0524 -3
      vertex -26.8731 -67.8737 -3
    endloop
  endfacet
  facet normal -0.750098 -0.661327 0
    outer loop
      vertex -53.2147 -49.9719 -3
      vertex -56.2475 -46.532 5
      vertex -56.2475 -46.532 -3
    endloop
  endfacet
  facet normal -0.750098 -0.661327 0
    outer loop
      vertex -56.2475 -46.532 5
      vertex -53.2147 -49.9719 -3
      vertex -53.2147 -49.9719 5
    endloop
  endfacet
  facet normal -0.891004 -0.453995 0
    outer loop
      vertex -63.9704 -35.168 -3
      vertex -66.0524 -31.0819 5
      vertex -66.0524 -31.0819 -3
    endloop
  endfacet
  facet normal -0.891004 -0.453995 0
    outer loop
      vertex -66.0524 -31.0819 5
      vertex -63.9704 -35.168 -3
      vertex -63.9704 -35.168 5
    endloop
  endfacet
  facet normal -0.995564 -0.0940914 0
    outer loop
      vertex -72.4244 -9.14933 -3
      vertex -72.8559 -4.58371 5
      vertex -72.8559 -4.58371 -3
    endloop
  endfacet
  facet normal -0.995564 -0.0940914 0
    outer loop
      vertex -72.8559 -4.58371 5
      vertex -72.4244 -9.14933 -3
      vertex -72.4244 -9.14933 5
    endloop
  endfacet
  facet normal -0.940885 -0.338726 0
    outer loop
      vertex -67.8737 -26.8731 -3
      vertex -69.4271 -22.5582 5
      vertex -69.4271 -22.5582 -3
    endloop
  endfacet
  facet normal -0.940885 -0.338726 0
    outer loop
      vertex -69.4271 -22.5582 5
      vertex -67.8737 -26.8731 -3
      vertex -67.8737 -26.8731 5
    endloop
  endfacet
  facet normal -0.661322 -0.750102 0
    outer loop
      vertex 42.07 50.8539 -5
      vertex 45.1801 48.1119 5
      vertex 42.07 50.8539 5
    endloop
  endfacet
  facet normal -0.661322 -0.750102 -0
    outer loop
      vertex 45.1801 48.1119 5
      vertex 42.07 50.8539 -5
      vertex 45.1801 48.1119 -5
    endloop
  endfacet
  facet normal 0.338742 -0.940879 0
    outer loop
      vertex -24.2962 61.3652 -5
      vertex -20.3951 62.7697 5
      vertex -24.2962 61.3652 5
    endloop
  endfacet
  facet normal 0.338742 -0.940879 0
    outer loop
      vertex -20.3951 62.7697 5
      vertex -24.2962 61.3652 -5
      vertex -20.3951 62.7697 -5
    endloop
  endfacet
  facet normal 0.891001 -0.454002 0
    outer loop
      vertex -59.7186 28.1014 5
      vertex -57.8362 31.7957 -5
      vertex -57.8362 31.7957 5
    endloop
  endfacet
  facet normal 0.891001 -0.454002 0
    outer loop
      vertex -57.8362 31.7957 -5
      vertex -59.7186 28.1014 5
      vertex -59.7186 28.1014 -5
    endloop
  endfacet
  facet normal -0.891001 -0.454002 0
    outer loop
      vertex 59.7186 28.1014 -5
      vertex 57.8362 31.7957 5
      vertex 57.8362 31.7957 -5
    endloop
  endfacet
  facet normal -0.891001 -0.454002 0
    outer loop
      vertex 57.8362 31.7957 5
      vertex 59.7186 28.1014 -5
      vertex 59.7186 28.1014 5
    endloop
  endfacet
  facet normal -0.397136 -0.91776 0
    outer loop
      vertex 24.2962 61.3652 -5
      vertex 28.1014 59.7186 5
      vertex 24.2962 61.3652 5
    endloop
  endfacet
  facet normal -0.397136 -0.91776 -0
    outer loop
      vertex 28.1014 59.7186 5
      vertex 24.2962 61.3652 -5
      vertex 28.1014 59.7186 -5
    endloop
  endfacet
  facet normal 0.707107 -0.707107 0
    outer loop
      vertex -48.1119 45.1801 5
      vertex -45.1801 48.1119 -5
      vertex -45.1801 48.1119 5
    endloop
  endfacet
  facet normal 0.707107 -0.707107 0
    outer loop
      vertex -45.1801 48.1119 -5
      vertex -48.1119 45.1801 5
      vertex -48.1119 45.1801 -5
    endloop
  endfacet
  facet normal 0.15643 -0.987689 0
    outer loop
      vertex -12.3672 64.831 -5
      vertex -8.27199 65.4796 5
      vertex -12.3672 64.831 5
    endloop
  endfacet
  facet normal 0.15643 -0.987689 0
    outer loop
      vertex -8.27199 65.4796 5
      vertex -12.3672 64.831 -5
      vertex -8.27199 65.4796 -5
    endloop
  endfacet
  facet normal -0.940879 0.338742 0
    outer loop
      vertex 61.3652 -24.2962 -5
      vertex 62.7697 -20.3951 5
      vertex 62.7697 -20.3951 -5
    endloop
  endfacet
  facet normal -0.940879 0.338742 0
    outer loop
      vertex 62.7697 -20.3951 5
      vertex 61.3652 -24.2962 -5
      vertex 61.3652 -24.2962 5
    endloop
  endfacet
  facet normal -0.397136 0.91776 0
    outer loop
      vertex 28.1014 -59.7186 -5
      vertex 24.2962 -61.3652 5
      vertex 28.1014 -59.7186 5
    endloop
  endfacet
  facet normal -0.397136 0.91776 0
    outer loop
      vertex 24.2962 -61.3652 5
      vertex 28.1014 -59.7186 -5
      vertex 24.2962 -61.3652 -5
    endloop
  endfacet
  facet normal 0.707107 0.707107 0
    outer loop
      vertex -45.1801 -48.1119 5
      vertex -48.1119 -45.1801 -5
      vertex -48.1119 -45.1801 5
    endloop
  endfacet
  facet normal 0.707107 0.707107 0
    outer loop
      vertex -48.1119 -45.1801 -5
      vertex -45.1801 -48.1119 5
      vertex -45.1801 -48.1119 -5
    endloop
  endfacet
  facet normal -0.987689 -0.15643 0
    outer loop
      vertex 65.4796 8.27199 -5
      vertex 64.831 12.3672 5
      vertex 64.831 12.3672 -5
    endloop
  endfacet
  facet normal -0.987689 -0.15643 0
    outer loop
      vertex 64.831 12.3672 5
      vertex 65.4796 8.27199 -5
      vertex 65.4796 8.27199 5
    endloop
  endfacet
  facet normal -0.975914 -0.218154 0
    outer loop
      vertex 64.831 12.3672 -5
      vertex 63.9265 16.4135 5
      vertex 63.9265 16.4135 -5
    endloop
  endfacet
  facet normal -0.975914 -0.218154 0
    outer loop
      vertex 63.9265 16.4135 5
      vertex 64.831 12.3672 -5
      vertex 64.831 12.3672 5
    endloop
  endfacet
  facet normal -0.960291 -0.279 0
    outer loop
      vertex 63.9265 16.4135 -5
      vertex 62.7697 20.3951 5
      vertex 62.7697 20.3951 -5
    endloop
  endfacet
  facet normal -0.960291 -0.279 0
    outer loop
      vertex 62.7697 20.3951 5
      vertex 63.9265 16.4135 -5
      vertex 63.9265 16.4135 5
    endloop
  endfacet
  facet normal -0.827079 -0.562086 0
    outer loop
      vertex 55.7256 35.3646 -5
      vertex 53.3951 38.7938 5
      vertex 53.3951 38.7938 -5
    endloop
  endfacet
  facet normal -0.827079 -0.562086 0
    outer loop
      vertex 53.3951 38.7938 5
      vertex 55.7256 35.3646 -5
      vertex 55.7256 35.3646 5
    endloop
  endfacet
  facet normal -0.707107 -0.707107 0
    outer loop
      vertex 48.1119 45.1801 -5
      vertex 45.1801 48.1119 5
      vertex 45.1801 48.1119 -5
    endloop
  endfacet
  facet normal -0.707107 -0.707107 0
    outer loop
      vertex 45.1801 48.1119 5
      vertex 48.1119 45.1801 -5
      vertex 48.1119 45.1801 5
    endloop
  endfacet
  facet normal -0.562086 -0.827079 0
    outer loop
      vertex 35.3646 55.7256 -5
      vertex 38.7938 53.3951 5
      vertex 35.3646 55.7256 5
    endloop
  endfacet
  facet normal -0.562086 -0.827079 -0
    outer loop
      vertex 38.7938 53.3951 5
      vertex 35.3646 55.7256 -5
      vertex 38.7938 53.3951 -5
    endloop
  endfacet
  facet normal -0.0314131 -0.999506 -0
    outer loop
      vertex 0 66 1.85
      vertex 0 66 -5
      vertex 3.5 65.89 1.85
    endloop
  endfacet
  facet normal -0.0313428 -0.999509 0
    outer loop
      vertex 3.5 65.89 1.85
      vertex 4.14417 65.8698 5
      vertex 3.5 65.89 5
    endloop
  endfacet
  facet normal -0.0313428 -0.999509 0
    outer loop
      vertex 3.5 65.89 1.85
      vertex 4.14417 65.8698 -5
      vertex 4.14417 65.8698 5
    endloop
  endfacet
  facet normal -0.0314021 -0.999507 -5.58772e-06
    outer loop
      vertex 4.14417 65.8698 -5
      vertex 3.5 65.89 1.85
      vertex 0 66 -5
    endloop
  endfacet
  facet normal -0.509034 -0.860746 0
    outer loop
      vertex 31.7957 57.8362 -5
      vertex 35.3646 55.7256 5
      vertex 31.7957 57.8362 5
    endloop
  endfacet
  facet normal -0.509034 -0.860746 -0
    outer loop
      vertex 35.3646 55.7256 5
      vertex 31.7957 57.8362 -5
      vertex 35.3646 55.7256 -5
    endloop
  endfacet
  facet normal -0.0941098 -0.995562 0
    outer loop
      vertex 4.14417 65.8698 -5
      vertex 8.27199 65.4796 5
      vertex 4.14417 65.8698 5
    endloop
  endfacet
  facet normal -0.0941098 -0.995562 -0
    outer loop
      vertex 8.27199 65.4796 5
      vertex 4.14417 65.8698 -5
      vertex 8.27199 65.4796 -5
    endloop
  endfacet
  facet normal -0.338742 -0.940879 0
    outer loop
      vertex 20.3951 62.7697 -5
      vertex 24.2962 61.3652 5
      vertex 20.3951 62.7697 5
    endloop
  endfacet
  facet normal -0.338742 -0.940879 -0
    outer loop
      vertex 24.2962 61.3652 5
      vertex 20.3951 62.7697 -5
      vertex 24.2962 61.3652 -5
    endloop
  endfacet
  facet normal -0.218154 -0.975914 0
    outer loop
      vertex 12.3672 64.831 -5
      vertex 16.4135 63.9265 5
      vertex 12.3672 64.831 5
    endloop
  endfacet
  facet normal -0.218154 -0.975914 -0
    outer loop
      vertex 16.4135 63.9265 5
      vertex 12.3672 64.831 -5
      vertex 16.4135 63.9265 -5
    endloop
  endfacet
  facet normal 0.999507 -0.0314021 0
    outer loop
      vertex -66 0 5
      vertex -65.8698 4.14417 -5
      vertex -65.8698 4.14417 5
    endloop
  endfacet
  facet normal 0.999507 -0.0314021 0
    outer loop
      vertex -65.8698 4.14417 -5
      vertex -66 0 5
      vertex -66 0 -5
    endloop
  endfacet
  facet normal 0.995562 -0.0941098 0
    outer loop
      vertex -65.8698 4.14417 5
      vertex -65.4796 8.27199 -5
      vertex -65.4796 8.27199 5
    endloop
  endfacet
  facet normal 0.995562 -0.0941098 0
    outer loop
      vertex -65.4796 8.27199 -5
      vertex -65.8698 4.14417 5
      vertex -65.8698 4.14417 -5
    endloop
  endfacet
  facet normal 0.975914 -0.218154 0
    outer loop
      vertex -64.831 12.3672 5
      vertex -63.9265 16.4135 -5
      vertex -63.9265 16.4135 5
    endloop
  endfacet
  facet normal 0.975914 -0.218154 0
    outer loop
      vertex -63.9265 16.4135 -5
      vertex -64.831 12.3672 5
      vertex -64.831 12.3672 -5
    endloop
  endfacet
  facet normal 0.790164 -0.612895 0
    outer loop
      vertex -53.3951 38.7938 5
      vertex -50.8539 42.07 -5
      vertex -50.8539 42.07 5
    endloop
  endfacet
  facet normal 0.790164 -0.612895 0
    outer loop
      vertex -50.8539 42.07 -5
      vertex -53.3951 38.7938 5
      vertex -53.3951 38.7938 -5
    endloop
  endfacet
  facet normal 0.0313428 -0.999509 0
    outer loop
      vertex -4.14417 65.8698 5
      vertex -3.5 65.89 1.85
      vertex -3.5 65.89 5
    endloop
  endfacet
  facet normal 0.0313428 -0.999509 0
    outer loop
      vertex -4.14417 65.8698 -5
      vertex -3.5 65.89 1.85
      vertex -4.14417 65.8698 5
    endloop
  endfacet
  facet normal 0.0314021 -0.999507 -5.58772e-06
    outer loop
      vertex 0 66 -5
      vertex -3.5 65.89 1.85
      vertex -4.14417 65.8698 -5
    endloop
  endfacet
  facet normal 0.0314131 -0.999506 0
    outer loop
      vertex -3.5 65.89 1.85
      vertex 0 66 -5
      vertex 0 66 1.85
    endloop
  endfacet
  facet normal 0.509034 -0.860746 0
    outer loop
      vertex -35.3646 55.7256 -5
      vertex -31.7957 57.8362 5
      vertex -35.3646 55.7256 5
    endloop
  endfacet
  facet normal 0.509034 -0.860746 0
    outer loop
      vertex -31.7957 57.8362 5
      vertex -35.3646 55.7256 -5
      vertex -31.7957 57.8362 -5
    endloop
  endfacet
  facet normal 0.562086 -0.827079 0
    outer loop
      vertex -38.7938 53.3951 -5
      vertex -35.3646 55.7256 5
      vertex -38.7938 53.3951 5
    endloop
  endfacet
  facet normal 0.562086 -0.827079 0
    outer loop
      vertex -35.3646 55.7256 5
      vertex -38.7938 53.3951 -5
      vertex -35.3646 55.7256 -5
    endloop
  endfacet
  facet normal 0.454002 -0.891001 0
    outer loop
      vertex -31.7957 57.8362 -5
      vertex -28.1014 59.7186 5
      vertex -31.7957 57.8362 5
    endloop
  endfacet
  facet normal 0.454002 -0.891001 0
    outer loop
      vertex -28.1014 59.7186 5
      vertex -31.7957 57.8362 -5
      vertex -28.1014 59.7186 -5
    endloop
  endfacet
  facet normal -0.999507 -0.0314021 0
    outer loop
      vertex 66 0 -5
      vertex 65.8698 4.14417 5
      vertex 65.8698 4.14417 -5
    endloop
  endfacet
  facet normal -0.999507 -0.0314021 0
    outer loop
      vertex 65.8698 4.14417 5
      vertex 66 0 -5
      vertex 66 0 5
    endloop
  endfacet
  facet normal -0.0314021 0.999507 0
    outer loop
      vertex 4.14417 -65.8698 -5
      vertex 0 -66 5
      vertex 4.14417 -65.8698 5
    endloop
  endfacet
  facet normal -0.0314021 0.999507 0
    outer loop
      vertex 0 -66 5
      vertex 4.14417 -65.8698 -5
      vertex 0 -66 -5
    endloop
  endfacet
  facet normal -0.454002 0.891001 0
    outer loop
      vertex 31.7957 -57.8362 -5
      vertex 28.1014 -59.7186 5
      vertex 31.7957 -57.8362 5
    endloop
  endfacet
  facet normal -0.454002 0.891001 0
    outer loop
      vertex 28.1014 -59.7186 5
      vertex 31.7957 -57.8362 -5
      vertex 28.1014 -59.7186 -5
    endloop
  endfacet
  facet normal 0.987689 0.15643 0
    outer loop
      vertex -64.831 -12.3672 5
      vertex -65.4796 -8.27199 -5
      vertex -65.4796 -8.27199 5
    endloop
  endfacet
  facet normal 0.987689 0.15643 0
    outer loop
      vertex -65.4796 -8.27199 -5
      vertex -64.831 -12.3672 5
      vertex -64.831 -12.3672 -5
    endloop
  endfacet
  facet normal 0.999507 0.0314021 0
    outer loop
      vertex -65.8698 -4.14417 5
      vertex -66 0 -5
      vertex -66 0 5
    endloop
  endfacet
  facet normal 0.999507 0.0314021 0
    outer loop
      vertex -66 0 -5
      vertex -65.8698 -4.14417 5
      vertex -65.8698 -4.14417 -5
    endloop
  endfacet
  facet normal 0.827079 0.562086 0
    outer loop
      vertex -53.3951 -38.7938 5
      vertex -55.7256 -35.3646 -5
      vertex -55.7256 -35.3646 5
    endloop
  endfacet
  facet normal 0.827079 0.562086 0
    outer loop
      vertex -55.7256 -35.3646 -5
      vertex -53.3951 -38.7938 5
      vertex -53.3951 -38.7938 -5
    endloop
  endfacet
  facet normal -0.91776 -0.397136 0
    outer loop
      vertex 61.3652 24.2962 -5
      vertex 59.7186 28.1014 5
      vertex 59.7186 28.1014 -5
    endloop
  endfacet
  facet normal -0.91776 -0.397136 0
    outer loop
      vertex 59.7186 28.1014 5
      vertex 61.3652 24.2962 -5
      vertex 61.3652 24.2962 5
    endloop
  endfacet
  facet normal -0.940879 -0.338742 0
    outer loop
      vertex 62.7697 20.3951 -5
      vertex 61.3652 24.2962 5
      vertex 61.3652 24.2962 -5
    endloop
  endfacet
  facet normal -0.940879 -0.338742 0
    outer loop
      vertex 61.3652 24.2962 5
      vertex 62.7697 20.3951 -5
      vertex 62.7697 20.3951 5
    endloop
  endfacet
  facet normal -0.750102 -0.661322 0
    outer loop
      vertex 50.8539 42.07 -5
      vertex 48.1119 45.1801 5
      vertex 48.1119 45.1801 -5
    endloop
  endfacet
  facet normal -0.750102 -0.661322 0
    outer loop
      vertex 48.1119 45.1801 5
      vertex 50.8539 42.07 -5
      vertex 50.8539 42.07 5
    endloop
  endfacet
  facet normal -0.790164 -0.612895 0
    outer loop
      vertex 53.3951 38.7938 -5
      vertex 50.8539 42.07 5
      vertex 50.8539 42.07 -5
    endloop
  endfacet
  facet normal -0.790164 -0.612895 0
    outer loop
      vertex 50.8539 42.07 5
      vertex 53.3951 38.7938 -5
      vertex 53.3951 38.7938 5
    endloop
  endfacet
  facet normal -0.612895 -0.790164 0
    outer loop
      vertex 38.7938 53.3951 -5
      vertex 42.07 50.8539 5
      vertex 38.7938 53.3951 5
    endloop
  endfacet
  facet normal -0.612895 -0.790164 -0
    outer loop
      vertex 42.07 50.8539 5
      vertex 38.7938 53.3951 -5
      vertex 42.07 50.8539 -5
    endloop
  endfacet
  facet normal -0.454002 -0.891001 0
    outer loop
      vertex 28.1014 59.7186 -5
      vertex 31.7957 57.8362 5
      vertex 28.1014 59.7186 5
    endloop
  endfacet
  facet normal -0.454002 -0.891001 -0
    outer loop
      vertex 31.7957 57.8362 5
      vertex 28.1014 59.7186 -5
      vertex 31.7957 57.8362 -5
    endloop
  endfacet
  facet normal -0.279 -0.960291 0
    outer loop
      vertex 16.4135 63.9265 -5
      vertex 20.3951 62.7697 5
      vertex 16.4135 63.9265 5
    endloop
  endfacet
  facet normal -0.279 -0.960291 -0
    outer loop
      vertex 20.3951 62.7697 5
      vertex 16.4135 63.9265 -5
      vertex 20.3951 62.7697 -5
    endloop
  endfacet
  facet normal 0.940879 -0.338742 0
    outer loop
      vertex -62.7697 20.3951 5
      vertex -61.3652 24.2962 -5
      vertex -61.3652 24.2962 5
    endloop
  endfacet
  facet normal 0.940879 -0.338742 0
    outer loop
      vertex -61.3652 24.2962 -5
      vertex -62.7697 20.3951 5
      vertex -62.7697 20.3951 -5
    endloop
  endfacet
  facet normal 0.91776 -0.397136 0
    outer loop
      vertex -61.3652 24.2962 5
      vertex -59.7186 28.1014 -5
      vertex -59.7186 28.1014 5
    endloop
  endfacet
  facet normal 0.91776 -0.397136 0
    outer loop
      vertex -59.7186 28.1014 -5
      vertex -61.3652 24.2962 5
      vertex -61.3652 24.2962 -5
    endloop
  endfacet
  facet normal 0.960291 -0.279 0
    outer loop
      vertex -63.9265 16.4135 5
      vertex -62.7697 20.3951 -5
      vertex -62.7697 20.3951 5
    endloop
  endfacet
  facet normal 0.960291 -0.279 0
    outer loop
      vertex -62.7697 20.3951 -5
      vertex -63.9265 16.4135 5
      vertex -63.9265 16.4135 -5
    endloop
  endfacet
  facet normal 0.860746 -0.509034 0
    outer loop
      vertex -57.8362 31.7957 5
      vertex -55.7256 35.3646 -5
      vertex -55.7256 35.3646 5
    endloop
  endfacet
  facet normal 0.860746 -0.509034 0
    outer loop
      vertex -55.7256 35.3646 -5
      vertex -57.8362 31.7957 5
      vertex -57.8362 31.7957 -5
    endloop
  endfacet
  facet normal 0.279 -0.960291 0
    outer loop
      vertex -20.3951 62.7697 -5
      vertex -16.4135 63.9265 5
      vertex -20.3951 62.7697 5
    endloop
  endfacet
  facet normal 0.279 -0.960291 0
    outer loop
      vertex -16.4135 63.9265 5
      vertex -20.3951 62.7697 -5
      vertex -16.4135 63.9265 -5
    endloop
  endfacet
  facet normal 0.397136 -0.91776 0
    outer loop
      vertex -28.1014 59.7186 -5
      vertex -24.2962 61.3652 5
      vertex -28.1014 59.7186 5
    endloop
  endfacet
  facet normal 0.397136 -0.91776 0
    outer loop
      vertex -24.2962 61.3652 5
      vertex -28.1014 59.7186 -5
      vertex -24.2962 61.3652 -5
    endloop
  endfacet
  facet normal 0.612895 -0.790164 0
    outer loop
      vertex -42.07 50.8539 -5
      vertex -38.7938 53.3951 5
      vertex -42.07 50.8539 5
    endloop
  endfacet
  facet normal 0.612895 -0.790164 0
    outer loop
      vertex -38.7938 53.3951 5
      vertex -42.07 50.8539 -5
      vertex -38.7938 53.3951 -5
    endloop
  endfacet
  facet normal 0.661322 -0.750102 0
    outer loop
      vertex -45.1801 48.1119 -5
      vertex -42.07 50.8539 5
      vertex -45.1801 48.1119 5
    endloop
  endfacet
  facet normal 0.661322 -0.750102 0
    outer loop
      vertex -42.07 50.8539 5
      vertex -45.1801 48.1119 -5
      vertex -42.07 50.8539 -5
    endloop
  endfacet
  facet normal -0.999507 0.0314021 0
    outer loop
      vertex 65.8698 -4.14417 -5
      vertex 66 0 5
      vertex 66 0 -5
    endloop
  endfacet
  facet normal -0.999507 0.0314021 0
    outer loop
      vertex 66 0 5
      vertex 65.8698 -4.14417 -5
      vertex 65.8698 -4.14417 5
    endloop
  endfacet
  facet normal -0.987689 0.15643 0
    outer loop
      vertex 64.831 -12.3672 -5
      vertex 65.4796 -8.27199 5
      vertex 65.4796 -8.27199 -5
    endloop
  endfacet
  facet normal -0.987689 0.15643 0
    outer loop
      vertex 65.4796 -8.27199 5
      vertex 64.831 -12.3672 -5
      vertex 64.831 -12.3672 5
    endloop
  endfacet
  facet normal -0.860746 0.509034 0
    outer loop
      vertex 55.7256 -35.3646 -5
      vertex 57.8362 -31.7957 5
      vertex 57.8362 -31.7957 -5
    endloop
  endfacet
  facet normal -0.860746 0.509034 0
    outer loop
      vertex 57.8362 -31.7957 5
      vertex 55.7256 -35.3646 -5
      vertex 55.7256 -35.3646 5
    endloop
  endfacet
  facet normal -0.827079 0.562086 0
    outer loop
      vertex 53.3951 -38.7938 -5
      vertex 55.7256 -35.3646 5
      vertex 55.7256 -35.3646 -5
    endloop
  endfacet
  facet normal -0.827079 0.562086 0
    outer loop
      vertex 55.7256 -35.3646 5
      vertex 53.3951 -38.7938 -5
      vertex 53.3951 -38.7938 5
    endloop
  endfacet
  facet normal -0.0941098 0.995562 0
    outer loop
      vertex 8.27199 -65.4796 -5
      vertex 4.14417 -65.8698 5
      vertex 8.27199 -65.4796 5
    endloop
  endfacet
  facet normal -0.0941098 0.995562 0
    outer loop
      vertex 4.14417 -65.8698 5
      vertex 8.27199 -65.4796 -5
      vertex 4.14417 -65.8698 -5
    endloop
  endfacet
  facet normal -0.279 0.960291 0
    outer loop
      vertex 20.3951 -62.7697 -5
      vertex 16.4135 -63.9265 5
      vertex 20.3951 -62.7697 5
    endloop
  endfacet
  facet normal -0.279 0.960291 0
    outer loop
      vertex 16.4135 -63.9265 5
      vertex 20.3951 -62.7697 -5
      vertex 16.4135 -63.9265 -5
    endloop
  endfacet
  facet normal -0.338742 0.940879 0
    outer loop
      vertex 24.2962 -61.3652 -5
      vertex 20.3951 -62.7697 5
      vertex 24.2962 -61.3652 5
    endloop
  endfacet
  facet normal -0.338742 0.940879 0
    outer loop
      vertex 20.3951 -62.7697 5
      vertex 24.2962 -61.3652 -5
      vertex 20.3951 -62.7697 -5
    endloop
  endfacet
  facet normal -0.218154 0.975914 0
    outer loop
      vertex 16.4135 -63.9265 -5
      vertex 12.3672 -64.831 5
      vertex 16.4135 -63.9265 5
    endloop
  endfacet
  facet normal -0.218154 0.975914 0
    outer loop
      vertex 12.3672 -64.831 5
      vertex 16.4135 -63.9265 -5
      vertex 12.3672 -64.831 -5
    endloop
  endfacet
  facet normal -0.661322 0.750102 0
    outer loop
      vertex 45.1801 -48.1119 -5
      vertex 42.07 -50.8539 5
      vertex 45.1801 -48.1119 5
    endloop
  endfacet
  facet normal -0.661322 0.750102 0
    outer loop
      vertex 42.07 -50.8539 5
      vertex 45.1801 -48.1119 -5
      vertex 42.07 -50.8539 -5
    endloop
  endfacet
  facet normal -0.612895 0.790164 0
    outer loop
      vertex 42.07 -50.8539 -5
      vertex 38.7938 -53.3951 5
      vertex 42.07 -50.8539 5
    endloop
  endfacet
  facet normal -0.612895 0.790164 0
    outer loop
      vertex 38.7938 -53.3951 5
      vertex 42.07 -50.8539 -5
      vertex 38.7938 -53.3951 -5
    endloop
  endfacet
  facet normal -0.707107 0.707107 0
    outer loop
      vertex 45.1801 -48.1119 -5
      vertex 48.1119 -45.1801 5
      vertex 48.1119 -45.1801 -5
    endloop
  endfacet
  facet normal -0.707107 0.707107 0
    outer loop
      vertex 48.1119 -45.1801 5
      vertex 45.1801 -48.1119 -5
      vertex 45.1801 -48.1119 5
    endloop
  endfacet
  facet normal -0.509034 0.860746 0
    outer loop
      vertex 35.3646 -55.7256 -5
      vertex 31.7957 -57.8362 5
      vertex 35.3646 -55.7256 5
    endloop
  endfacet
  facet normal -0.509034 0.860746 0
    outer loop
      vertex 31.7957 -57.8362 5
      vertex 35.3646 -55.7256 -5
      vertex 31.7957 -57.8362 -5
    endloop
  endfacet
  facet normal -0.562086 0.827079 0
    outer loop
      vertex 38.7938 -53.3951 -5
      vertex 35.3646 -55.7256 5
      vertex 38.7938 -53.3951 5
    endloop
  endfacet
  facet normal -0.562086 0.827079 0
    outer loop
      vertex 35.3646 -55.7256 5
      vertex 38.7938 -53.3951 -5
      vertex 35.3646 -55.7256 -5
    endloop
  endfacet
  facet normal 0.397136 0.91776 -0
    outer loop
      vertex -24.2962 -61.3652 -5
      vertex -28.1014 -59.7186 5
      vertex -24.2962 -61.3652 5
    endloop
  endfacet
  facet normal 0.397136 0.91776 0
    outer loop
      vertex -28.1014 -59.7186 5
      vertex -24.2962 -61.3652 -5
      vertex -28.1014 -59.7186 -5
    endloop
  endfacet
  facet normal 0.0314021 0.999507 -0
    outer loop
      vertex 0 -66 -5
      vertex -4.14417 -65.8698 5
      vertex 0 -66 5
    endloop
  endfacet
  facet normal 0.0314021 0.999507 0
    outer loop
      vertex -4.14417 -65.8698 5
      vertex 0 -66 -5
      vertex -4.14417 -65.8698 -5
    endloop
  endfacet
  facet normal 0.15643 0.987689 -0
    outer loop
      vertex -8.27199 -65.4796 -5
      vertex -12.3672 -64.831 5
      vertex -8.27199 -65.4796 5
    endloop
  endfacet
  facet normal 0.15643 0.987689 0
    outer loop
      vertex -12.3672 -64.831 5
      vertex -8.27199 -65.4796 -5
      vertex -12.3672 -64.831 -5
    endloop
  endfacet
  facet normal 0.0941098 0.995562 -0
    outer loop
      vertex -4.14417 -65.8698 -5
      vertex -8.27199 -65.4796 5
      vertex -4.14417 -65.8698 5
    endloop
  endfacet
  facet normal 0.0941098 0.995562 0
    outer loop
      vertex -8.27199 -65.4796 5
      vertex -4.14417 -65.8698 -5
      vertex -8.27199 -65.4796 -5
    endloop
  endfacet
  facet normal 0.279 0.960291 -0
    outer loop
      vertex -16.4135 -63.9265 -5
      vertex -20.3951 -62.7697 5
      vertex -16.4135 -63.9265 5
    endloop
  endfacet
  facet normal 0.279 0.960291 0
    outer loop
      vertex -20.3951 -62.7697 5
      vertex -16.4135 -63.9265 -5
      vertex -20.3951 -62.7697 -5
    endloop
  endfacet
  facet normal 0.509034 0.860746 -0
    outer loop
      vertex -31.7957 -57.8362 -5
      vertex -35.3646 -55.7256 5
      vertex -31.7957 -57.8362 5
    endloop
  endfacet
  facet normal 0.509034 0.860746 0
    outer loop
      vertex -35.3646 -55.7256 5
      vertex -31.7957 -57.8362 -5
      vertex -35.3646 -55.7256 -5
    endloop
  endfacet
  facet normal 0.562086 0.827079 -0
    outer loop
      vertex -35.3646 -55.7256 -5
      vertex -38.7938 -53.3951 5
      vertex -35.3646 -55.7256 5
    endloop
  endfacet
  facet normal 0.562086 0.827079 0
    outer loop
      vertex -38.7938 -53.3951 5
      vertex -35.3646 -55.7256 -5
      vertex -38.7938 -53.3951 -5
    endloop
  endfacet
  facet normal 0.454002 0.891001 -0
    outer loop
      vertex -28.1014 -59.7186 -5
      vertex -31.7957 -57.8362 5
      vertex -28.1014 -59.7186 5
    endloop
  endfacet
  facet normal 0.454002 0.891001 0
    outer loop
      vertex -31.7957 -57.8362 5
      vertex -28.1014 -59.7186 -5
      vertex -31.7957 -57.8362 -5
    endloop
  endfacet
  facet normal 0.661322 0.750102 -0
    outer loop
      vertex -42.07 -50.8539 -5
      vertex -45.1801 -48.1119 5
      vertex -42.07 -50.8539 5
    endloop
  endfacet
  facet normal 0.661322 0.750102 0
    outer loop
      vertex -45.1801 -48.1119 5
      vertex -42.07 -50.8539 -5
      vertex -45.1801 -48.1119 -5
    endloop
  endfacet
  facet normal 0.612895 0.790164 -0
    outer loop
      vertex -38.7938 -53.3951 -5
      vertex -42.07 -50.8539 5
      vertex -38.7938 -53.3951 5
    endloop
  endfacet
  facet normal 0.612895 0.790164 0
    outer loop
      vertex -42.07 -50.8539 5
      vertex -38.7938 -53.3951 -5
      vertex -42.07 -50.8539 -5
    endloop
  endfacet
  facet normal 0.940879 0.338742 0
    outer loop
      vertex -61.3652 -24.2962 5
      vertex -62.7697 -20.3951 -5
      vertex -62.7697 -20.3951 5
    endloop
  endfacet
  facet normal 0.940879 0.338742 0
    outer loop
      vertex -62.7697 -20.3951 -5
      vertex -61.3652 -24.2962 5
      vertex -61.3652 -24.2962 -5
    endloop
  endfacet
  facet normal 0.975914 0.218154 0
    outer loop
      vertex -63.9265 -16.4135 5
      vertex -64.831 -12.3672 -5
      vertex -64.831 -12.3672 5
    endloop
  endfacet
  facet normal 0.975914 0.218154 0
    outer loop
      vertex -64.831 -12.3672 -5
      vertex -63.9265 -16.4135 5
      vertex -63.9265 -16.4135 -5
    endloop
  endfacet
  facet normal 0.960291 0.279 0
    outer loop
      vertex -62.7697 -20.3951 5
      vertex -63.9265 -16.4135 -5
      vertex -63.9265 -16.4135 5
    endloop
  endfacet
  facet normal 0.960291 0.279 0
    outer loop
      vertex -63.9265 -16.4135 -5
      vertex -62.7697 -20.3951 5
      vertex -62.7697 -20.3951 -5
    endloop
  endfacet
  facet normal 0.995562 0.0941098 0
    outer loop
      vertex -65.4796 -8.27199 5
      vertex -65.8698 -4.14417 -5
      vertex -65.8698 -4.14417 5
    endloop
  endfacet
  facet normal 0.995562 0.0941098 0
    outer loop
      vertex -65.8698 -4.14417 -5
      vertex -65.4796 -8.27199 5
      vertex -65.4796 -8.27199 -5
    endloop
  endfacet
  facet normal 0.860746 0.509034 0
    outer loop
      vertex -55.7256 -35.3646 5
      vertex -57.8362 -31.7957 -5
      vertex -57.8362 -31.7957 5
    endloop
  endfacet
  facet normal 0.860746 0.509034 0
    outer loop
      vertex -57.8362 -31.7957 -5
      vertex -55.7256 -35.3646 5
      vertex -55.7256 -35.3646 -5
    endloop
  endfacet
  facet normal 0.91776 0.397136 0
    outer loop
      vertex -59.7186 -28.1014 5
      vertex -61.3652 -24.2962 -5
      vertex -61.3652 -24.2962 5
    endloop
  endfacet
  facet normal 0.91776 0.397136 0
    outer loop
      vertex -61.3652 -24.2962 -5
      vertex -59.7186 -28.1014 5
      vertex -59.7186 -28.1014 -5
    endloop
  endfacet
  facet normal 0.790164 0.612895 0
    outer loop
      vertex -50.8539 -42.07 5
      vertex -53.3951 -38.7938 -5
      vertex -53.3951 -38.7938 5
    endloop
  endfacet
  facet normal 0.790164 0.612895 0
    outer loop
      vertex -53.3951 -38.7938 -5
      vertex -50.8539 -42.07 5
      vertex -50.8539 -42.07 -5
    endloop
  endfacet
  facet normal 0.750102 0.661322 0
    outer loop
      vertex -48.1119 -45.1801 5
      vertex -50.8539 -42.07 -5
      vertex -50.8539 -42.07 5
    endloop
  endfacet
  facet normal 0.750102 0.661322 0
    outer loop
      vertex -50.8539 -42.07 -5
      vertex -48.1119 -45.1801 5
      vertex -48.1119 -45.1801 -5
    endloop
  endfacet
  facet normal -0.995562 -0.0941098 0
    outer loop
      vertex 65.8698 4.14417 -5
      vertex 65.4796 8.27199 5
      vertex 65.4796 8.27199 -5
    endloop
  endfacet
  facet normal -0.995562 -0.0941098 0
    outer loop
      vertex 65.4796 8.27199 5
      vertex 65.8698 4.14417 -5
      vertex 65.8698 4.14417 5
    endloop
  endfacet
  facet normal -0.860746 -0.509034 0
    outer loop
      vertex 57.8362 31.7957 -5
      vertex 55.7256 35.3646 5
      vertex 55.7256 35.3646 -5
    endloop
  endfacet
  facet normal -0.860746 -0.509034 0
    outer loop
      vertex 55.7256 35.3646 5
      vertex 57.8362 31.7957 -5
      vertex 57.8362 31.7957 5
    endloop
  endfacet
  facet normal -0.15643 -0.987689 0
    outer loop
      vertex 8.27199 65.4796 -5
      vertex 12.3672 64.831 5
      vertex 8.27199 65.4796 5
    endloop
  endfacet
  facet normal -0.15643 -0.987689 -0
    outer loop
      vertex 12.3672 64.831 5
      vertex 8.27199 65.4796 -5
      vertex 12.3672 64.831 -5
    endloop
  endfacet
  facet normal 0.987689 -0.15643 0
    outer loop
      vertex -65.4796 8.27199 5
      vertex -64.831 12.3672 -5
      vertex -64.831 12.3672 5
    endloop
  endfacet
  facet normal 0.987689 -0.15643 0
    outer loop
      vertex -64.831 12.3672 -5
      vertex -65.4796 8.27199 5
      vertex -65.4796 8.27199 -5
    endloop
  endfacet
  facet normal 0.827079 -0.562086 0
    outer loop
      vertex -55.7256 35.3646 5
      vertex -53.3951 38.7938 -5
      vertex -53.3951 38.7938 5
    endloop
  endfacet
  facet normal 0.827079 -0.562086 0
    outer loop
      vertex -53.3951 38.7938 -5
      vertex -55.7256 35.3646 5
      vertex -55.7256 35.3646 -5
    endloop
  endfacet
  facet normal 0.750102 -0.661322 0
    outer loop
      vertex -50.8539 42.07 5
      vertex -48.1119 45.1801 -5
      vertex -48.1119 45.1801 5
    endloop
  endfacet
  facet normal 0.750102 -0.661322 0
    outer loop
      vertex -48.1119 45.1801 -5
      vertex -50.8539 42.07 5
      vertex -50.8539 42.07 -5
    endloop
  endfacet
  facet normal 0.218154 -0.975914 0
    outer loop
      vertex -16.4135 63.9265 -5
      vertex -12.3672 64.831 5
      vertex -16.4135 63.9265 5
    endloop
  endfacet
  facet normal 0.218154 -0.975914 0
    outer loop
      vertex -12.3672 64.831 5
      vertex -16.4135 63.9265 -5
      vertex -12.3672 64.831 -5
    endloop
  endfacet
  facet normal 0.0941098 -0.995562 0
    outer loop
      vertex -8.27199 65.4796 -5
      vertex -4.14417 65.8698 5
      vertex -8.27199 65.4796 5
    endloop
  endfacet
  facet normal 0.0941098 -0.995562 0
    outer loop
      vertex -4.14417 65.8698 5
      vertex -8.27199 65.4796 -5
      vertex -4.14417 65.8698 -5
    endloop
  endfacet
  facet normal -0.995562 0.0941098 0
    outer loop
      vertex 65.4796 -8.27199 -5
      vertex 65.8698 -4.14417 5
      vertex 65.8698 -4.14417 -5
    endloop
  endfacet
  facet normal -0.995562 0.0941098 0
    outer loop
      vertex 65.8698 -4.14417 5
      vertex 65.4796 -8.27199 -5
      vertex 65.4796 -8.27199 5
    endloop
  endfacet
  facet normal -0.960291 0.279 0
    outer loop
      vertex 62.7697 -20.3951 -5
      vertex 63.9265 -16.4135 5
      vertex 63.9265 -16.4135 -5
    endloop
  endfacet
  facet normal -0.960291 0.279 0
    outer loop
      vertex 63.9265 -16.4135 5
      vertex 62.7697 -20.3951 -5
      vertex 62.7697 -20.3951 5
    endloop
  endfacet
  facet normal -0.891001 0.454002 0
    outer loop
      vertex 57.8362 -31.7957 -5
      vertex 59.7186 -28.1014 5
      vertex 59.7186 -28.1014 -5
    endloop
  endfacet
  facet normal -0.891001 0.454002 0
    outer loop
      vertex 59.7186 -28.1014 5
      vertex 57.8362 -31.7957 -5
      vertex 57.8362 -31.7957 5
    endloop
  endfacet
  facet normal -0.15643 0.987689 0
    outer loop
      vertex 12.3672 -64.831 -5
      vertex 8.27199 -65.4796 5
      vertex 12.3672 -64.831 5
    endloop
  endfacet
  facet normal -0.15643 0.987689 0
    outer loop
      vertex 8.27199 -65.4796 5
      vertex 12.3672 -64.831 -5
      vertex 8.27199 -65.4796 -5
    endloop
  endfacet
  facet normal 0.338742 0.940879 -0
    outer loop
      vertex -20.3951 -62.7697 -5
      vertex -24.2962 -61.3652 5
      vertex -20.3951 -62.7697 5
    endloop
  endfacet
  facet normal 0.338742 0.940879 0
    outer loop
      vertex -24.2962 -61.3652 5
      vertex -20.3951 -62.7697 -5
      vertex -24.2962 -61.3652 -5
    endloop
  endfacet
  facet normal 0.218154 0.975914 -0
    outer loop
      vertex -12.3672 -64.831 -5
      vertex -16.4135 -63.9265 5
      vertex -12.3672 -64.831 5
    endloop
  endfacet
  facet normal 0.218154 0.975914 0
    outer loop
      vertex -16.4135 -63.9265 5
      vertex -12.3672 -64.831 -5
      vertex -16.4135 -63.9265 -5
    endloop
  endfacet
  facet normal 0.891001 0.454002 0
    outer loop
      vertex -57.8362 -31.7957 5
      vertex -59.7186 -28.1014 -5
      vertex -59.7186 -28.1014 5
    endloop
  endfacet
  facet normal 0.891001 0.454002 0
    outer loop
      vertex -59.7186 -28.1014 -5
      vertex -57.8362 -31.7957 5
      vertex -57.8362 -31.7957 -5
    endloop
  endfacet
  facet normal -0.975914 0.218154 0
    outer loop
      vertex 63.9265 -16.4135 -5
      vertex 64.831 -12.3672 5
      vertex 64.831 -12.3672 -5
    endloop
  endfacet
  facet normal -0.975914 0.218154 0
    outer loop
      vertex 64.831 -12.3672 5
      vertex 63.9265 -16.4135 -5
      vertex 63.9265 -16.4135 5
    endloop
  endfacet
  facet normal -0.91776 0.397136 0
    outer loop
      vertex 59.7186 -28.1014 -5
      vertex 61.3652 -24.2962 5
      vertex 61.3652 -24.2962 -5
    endloop
  endfacet
  facet normal -0.91776 0.397136 0
    outer loop
      vertex 61.3652 -24.2962 5
      vertex 59.7186 -28.1014 -5
      vertex 59.7186 -28.1014 5
    endloop
  endfacet
  facet normal -0.790164 0.612895 0
    outer loop
      vertex 50.8539 -42.07 -5
      vertex 53.3951 -38.7938 5
      vertex 53.3951 -38.7938 -5
    endloop
  endfacet
  facet normal -0.790164 0.612895 0
    outer loop
      vertex 53.3951 -38.7938 5
      vertex 50.8539 -42.07 -5
      vertex 50.8539 -42.07 5
    endloop
  endfacet
  facet normal -0.750102 0.661322 0
    outer loop
      vertex 48.1119 -45.1801 -5
      vertex 50.8539 -42.07 5
      vertex 50.8539 -42.07 -5
    endloop
  endfacet
  facet normal -0.750102 0.661322 0
    outer loop
      vertex 50.8539 -42.07 5
      vertex 48.1119 -45.1801 -5
      vertex 48.1119 -45.1801 5
    endloop
  endfacet
  facet normal 1 -0 0
    outer loop
      vertex -3.5 65.89 5
      vertex -3.5 72.89 1.85
      vertex -3.5 72.89 5
    endloop
  endfacet
  facet normal 1 0 0
    outer loop
      vertex -3.5 72.89 1.85
      vertex -3.5 65.89 5
      vertex -3.5 65.89 1.85
    endloop
  endfacet
  facet normal -1 0 0
    outer loop
      vertex 3.5 65.89 1.85
      vertex 3.5 72.89 5
      vertex 3.5 72.89 1.85
    endloop
  endfacet
  facet normal -1 -0 0
    outer loop
      vertex 3.5 72.89 5
      vertex 3.5 65.89 1.85
      vertex 3.5 65.89 5
    endloop
  endfacet
  facet normal 0 0 1
    outer loop
      vertex 0 66 1.85
      vertex 3.5 72.89 1.85
      vertex 0 73 1.85
    endloop
  endfacet
  facet normal 0 0 1
    outer loop
      vertex 3.5 72.89 1.85
      vertex 0 66 1.85
      vertex 3.5 65.89 1.85
    endloop
  endfacet
  facet normal -0 0 1
    outer loop
      vertex -3.5 72.89 1.85
      vertex 0 66 1.85
      vertex 0 73 1.85
    endloop
  endfacet
  facet normal 0 0 1
    outer loop
      vertex 0 66 1.85
      vertex -3.5 72.89 1.85
      vertex -3.5 65.89 1.85
    endloop
  endfacet
endsolid OpenSCAD_Model
